Class,Number Samples
m.016k22,25
m.014v1q,71
m.01_rn8,23
m.014zxv,98
m.016q2n,62
m.01ft2l,97
m.01kgrk,29
m.01gw4w,95
m.01j636m,93
m.01l443l,68
m.01lqf49,83
m.01lmplq,90
m.01lkr0c,54
m.01jj7_,95
m.019nxc,57
m.01jbdk,65
m.01m0w5f,63
m.017hjk,55
m.01kwq5d,89
m.016z68,93
m.012wv,41
m.01lhk3r,84
m.013s8s,99
m.01ls5s,59
m.01gwlg,59
m.012vq0,69
m.016szr,82
m.01dqbx,69
m.014k1v,66
m.018n6m,76
m.01b0k1,78
m.015tm5,86
m.01341q,75
m.019_qp,56
m.01krb3d,89
m.01b8g6,87
m.01jc89,38
m.01dhxm,25
m.01kwfcd,37
m.019s2q,57
m.01_9l1,56
m.01ms3fy,84
m.0179n7,75
m.018y81,83
m.014bmy,72
m.01m190,46
m.01_v0n,96
m.0178d6,53
m.018cx3,2
m.01lmtl,54
m.01lj58,25
m.018z_c,95
m.0129rp,56
m.01kfcf,52
m.01fqlg,96
m.015ybz,94
m.011zwl,68
m.01kcph,55
m.01cstl,17
m.01ckhj,99
m.01f0wg,83
m.01m8s3l,47
m.01_5jb,89
m.016tb7,100
m.01k08f,79
m.013pk3,95
m.01m538j,53
m.01m5m5b,74
m.01d2fg,52
m.019x_p,89
m.01c55_,64
m.01c5bb,95
m.016gr2,88
m.011ybj,95
m.016v0s,79
m.01mf3tw,56
m.013tjc,81
m.01cqvl,35
m.01fgfs,56
m.012wg,53
m.014fd7,86
m.019x62,84
m.01dwmw,18
m.013sy6,56
m.01__sx,89
m.01lrhc4,68
m.01mgv1d,78
m.01kph_c,63
m.0170cc,15
m.015484,10
m.012xqq,20
m.016n6x,0
m.01mm7qf,38
m.01gx5f,83
m.01m98bv,84
m.015gd3,62
m.018q9b,87
m.015kt_,32
m.01mpyhv,44
m.0151ns,76
m.016c8_,96
m.018gn4,89
m.01m8qmz,87
m.01ggdn,17
m.01kb1b,92
m.01f5fg,99
m.01k99tm,85
m.012x2b,97
m.01dmdw,94
m.01d_h,9
m.012xyk,59
m.01g7hs,75
m.01963w,40
m.01cqnm,97
m.01kv3z4,71
m.01l264f,28
m.01gcq,53
m.01m8062,77
m.01kvv5t,70
m.01939l,98
m.015phm,52
m.01lfns,32
m.017n7f,67
m.01lbvm,28
m.01lnwh9,33
m.01l57h,57
m.016z1t,82
m.013zr7,50
m.01_vfj,44
m.01bdnk,96
m.01djwt,95
m.017f4y,77
m.01_3ds,65
m.013ppl,68
m.01jw4r,97
m.01lfk3,40
m.01lp1z,96
m.016zm5,70
m.01k_wx,16
m.0193rv,87
m.01d6l0,94
m.01558d,65
m.01mdf3n,45
m.013fcz,61
m.01m_kr5,62
m.01ljnj5,85
m.01llmh3,46
m.01lmdqz,61
m.013wq7,30
m.01_j1c,89
m.019tyn,84
m.0139q5,99
m.01kgg9,100
m.01dwcv,93
m.01f27t,37
m.014lhk,64
m.01lgkxz,94
m.01dls6,66
m.01d3fw,61
m.01lql6g,42
m.01dz6t,39
m.01jg3g,96
m.01dw_f,95
m.01h_mc,52
m.0166k8,44
m.01k5zk,100
m.018db8,96
m.01j5ws,98
m.01m_kh,68
m.013t9y,50
m.01kss8,9
m.01fmdk,70
m.01_gv9,42
m.01jj8lp,79
m.014w3g,86
m.01bdny,66
m.011hww,56
m.014x0w,85
m.01b5g7,43
m.01gtps,55
m.01jzs84,38
m.01kbfmj,87
m.01j5sv,98
m.01lhqh,37
m.013qyh,34
m.01hxrf,43
m.01gbb4,94
m.016g29,76
m.01h1t3,95
m.01lxh38,0
m.017_dr,66
m.016t00,86
m.01b2hq,96
m.01cvp9,61
m.01_xw2,93
m.0154nf,50
m.012qfw,95
m.01k49p,77
m.013v5j,100
m.016mpq,74
m.01blfj,9
m.01m65sp,95
m.018fzs,98
m.01j_km,71
m.01_rmh,25
m.01drnc,41
m.01g85z,60
m.018p4y,97
m.013t2l,29
m.016jkb,39
m.01kwlwp,89
m.016lv3,27
m.01f9h6,20
m.0154r3,87
m.01l_psy,64
m.01dhmh,24
m.01_3th,92
m.01_xx4,95
m.016hd3,15
m.019xyd,89
m.01bslk,88
m.01mg66b,24
m.01lv4r7,55
m.01gz0m,78
m.01hhfz,61
m.01794d,28
m.012l1m,90
m.0165pv,36
m.016srn,99
m.01mst9t,87
m.01fyzk,60
m.01ld7zl,52
m.01kx4h_,65
m.01jpwnn,32
m.01bpnd,97
m.01l3scl,63
m.016nhj,73
m.01jn5vb,51
m.01mr1m,42
m.013bt3,83
m.01b2vs,21
m.01l1n9,33
m.019q8r,37
m.014n_k,91
m.01mq1q,91
m.018y1m,19
m.01mmqhf,61
m.01jtm3,69
m.01cb5n,27
m.01mq3j6,54
m.013w7j,95
m.01h_3z,98
m.012gr9,100
m.01jz79,77
m.01jrnp8,77
m.018qpb,96
m.01fv3q,21
m.01jj6sg,40
m.01htr1,47
m.01m5_40,61
m.01k7jy,39
m.018gb6,56
m.01fdkr,49
m.017j1w,72
m.01_d_4,52
m.01l_6n8,82
m.019n7x,100
m.01jqtg9,69
m.013vdl,98
m.01mj8qq,79
m.015myc,82
m.01mbvfd,66
m.01hlv44,30
m.01gjbw,99
m.015zj4,68
m.013w9d,69
m.016xy0,92
m.015j6h,90
m.01lcgl6,82
m.011z7j,69
m.01kxfvq,86
m.01gwgv,99
m.01b1g9,94
m.01lrjtg,90
m.016883,97
m.01m0gv,80
m.01f0q9,55
m.01lj5gm,90
m.01jnsv,46
m.017176,70
m.01lx0r,88
m.01lyt7d,82
m.01k3lt,64
m.01l6b7p,73
m.012wgv,81
m.01jj9g,70
m.014v6f,98
m.01m_5f,65
m.014y7g,55
m.01k6b0,69
m.01jsh6l,84
m.01ghp7,57
m.01lf8qx,88
m.015fxn,70
m.01639k,52
m.016hzm,50
m.0150rl,94
m.012bng,62
m.01knwmf,82
m.01fwmj,74
m.01g65g,100
m.01m0ygv,65
m.0181bf,75
m.0173r5,49
m.01lz60,37
m.01kb2j,100
m.01lbp,90
m.01gpn5,22
m.014c40,35
m.01gf9s,20
m.016dm4,80
m.01kkbp,75
m.01l5rfm,57
m.016nvy,93
m.0169jp,80
m.01_csg,91
m.01h4cm,88
m.01c2rd,47
m.01g59w,14
m.01kgz7q,42
m.01jwt1r,41
m.014488,95
m.01l1rw,82
m.01_8ml,0
m.01hpkw,60
m.01jf6n,94
m.01dj5t,35
m.015ky1,63
m.01gtvy,19
m.016hby,39
m.01kxl7,38
m.01791s,69
m.017vkx,66
m.01kx016,8
m.018dqg,75
m.01j0yg,71
m.01h1b,100
m.01kgfy,89
m.01_wpx,66
m.017hnf,66
m.01d322,28
m.01jgn3,98
m.01dgj3,7
m.01jxbk2,81
m.016gnp,83
m.01239,94
m.01fyzy,99
m.0133sq,92
m.01lfx5,64
m.01m3mb,96
m.014jgj,20
m.01c06w,29
m.01l71w,62
m.01jf68,45
m.0157r6,46
m.01m49_z,56
m.01l0st,42
m.01gcrk,65
m.01bjnp,86
m.01741h,98
m.017j1f,45
m.01m2b2,71
m.012mk7,87
m.01lbkk,71
m.01_njt,94
m.012v6b,28
m.01lpyry,88
m.01l6rgq,69
m.01_v_j,75
m.01fcxq,72
m.01d7h6,47
m.01lc5,88
m.0151p8,99
m.01l64q,88
m.019zdz,32
m.0197p7,82
m.018s3x,8
m.01h5j3,70
m.01h1vq,28
m.01cx0h,36
m.01j_66z,71
m.01mbwlb,97
m.01_df6,76
m.01hkyc,71
m.0169dl,100
m.016b6z,99
m.01j5sd,100
m.01_cmx,23
m.01cdx9,34
m.010bk0,93
m.01jdsj,21
m.01_t7_,82
m.01ct2m,78
m.012nry,85
m.01m1p3j,33
m.01k4c7,45
m.01jcv6,30
m.01k2lmt,20
m.019rc0,58
m.01bvjv,38
m.01_k1z,27
m.01m2g_v,73
m.01fkr6,35
m.01d63v,64
m.016q26,39
m.01hqbr,28
m.01233w,35
m.01h9r1,13
m.01mcc7k,60
m.01_m_n,22
m.01l79yc,59
m.016077,64
m.01k1m_y,78
m.019hmf,48
m.01lzsn5,70
m.018dyl,65
m.01jtwf3,80
m.01gvn4,70
m.01k07z,82
m.017zy5,82
m.01fdsm,97
m.011zgs,75
m.01mcrvv,93
m.018nqq,62
m.014sjl,50
m.01j70z,71
m.01l4zqz,64
m.01lwb9,7
m.01mctx0,35
m.01kq5jh,29
m.01c6b5,64
m.01fdlv,37
m.014m_1,81
m.01hkpl,59
m.01cj6y,99
m.01c85n,5
m.01lf6sd,52
m.01dzbm,65
m.012tnf,62
m.013v2v,81
m.01d4gx,100
m.01j87v,85
m.01mnybl,42
m.01khkn,7
m.01mclb1,10
m.01crm,15
m.016zdd,98
m.01__bq,87
m.014320,21
m.0161h5,100
m.015k9x,74
m.018cyg,10
m.0166yl,50
m.01m1b8,45
m.018yhr,99
m.01m6q14,30
m.01dll6,94
m.014ggz,95
m.01_4z,86
m.01kb6l,80
m.01lb3hn,87
m.01_0p4,98
m.01j79_,89
m.01479s,80
m.014rzl,57
m.017h4c,48
m.01kys2,35
m.015ql4,83
m.015t_m,40
m.016yvw,94
m.01jgw32,22
m.01lfd84,61
m.01m3x5p,68
m.018hhw,58
m.015qpn,75
m.01j4tn,80
m.01hrgv,71
m.014dm6,85
m.01gy5k,98
m.019j1k,13
m.0143sn,65
m.013_05,9
m.017kwp,34
m.014sfv,69
m.015ncq,44
m.01fh_7,75
m.017h3p,88
m.012q83,45
m.0182qx,97
m.01bydf,25
m.01mmxjw,77
m.0142sv,59
m.01387y,89
m.015lg2,59
m.01dmjb,49
m.01k54p,37
m.01k2p,94
m.019kn_,84
m.01j5ts,99
m.01lmj3q,83
m.01_pdg,89
m.011_r9,67
m.01kmzs,98
m.01dn87,78
m.012gx2,98
m.01626g,49
m.01lz1zz,63
m.016z2j,90
m.018hl,98
m.01m8_y4,89
m.012x17,26
m.01dv9k,65
m.0121n2,34
m.013xzv,0
m.01h5_r,38
m.01m6rhr,52
m.01jglh,82
m.01hgwl,91
m.014v5b,72
m.019pkm,85
m.01kyq26,98
m.013znr,22
m.016fjj,100
m.01c1ww,90
m.01lrlr,16
m.01lykf,38
m.0183pl,62
m.0126y2,59
m.01bs6r,38
m.01m3b1t,56
m.01lx9sp,60
m.018nwp,70
m.015vyh,66
m.016h9b,80
m.01clcs,90
m.015wtp,92
m.014x3c,22
m.011yx0,76
m.01lzj6d,73
m.01jkt6,14
m.015h25,58
m.01kh2rw,47
m.01hzk8,58
m.015gr_,15
m.016_wb,34
m.01jc54,28
m.01jr3hg,7
m.015530,24
m.01lv59,68
m.01jy194,50
m.01cj1t,31
m.01_jf7,83
m.019sj8,67
m.01b17y,98
m.015xww,56
m.012cj0,91
m.01lq7rk,0
m.01ggm,86
m.011w_7,15
m.01cwys,24
m.01mhx36,84
m.01mrl9c,64
m.01fqly,68
m.01m4zy,81
m.01400g,92
m.01d5q4,35
m.019hyg,34
m.01k5l85,43
m.01l5q7q,57
m.01j4ch,90
m.01dxgk,75
m.01lq_f,55
m.01fkqs,76
m.013p_w,33
m.013pp3,98
m.01g0jn,68
m.01f07j,9
m.01d3fc,90
m.01jx210,77
m.01mq5h,56
m.014g_f,89
m.017h_k,72
m.01bf2g,87
m.013_t9,33
m.016k62,75
m.01mbzfm,84
m.01_0gh,30
m.01knhkl,83
m.013tcv,90
m.015thk,38
m.01jmh1,91
m.01m9hyx,82
m.0165dv,39
m.01mqdhm,18
m.01l4v5,26
m.01gf5z,43
m.01jfq_,37
m.01c33y,47
m.01lcz8f,60
m.0165hs,44
m.01m382,52
m.014c9y,49
m.01gxt2,31
m.01c49s,72
m.01m9k6y,93
m.01c24d,44
m.01m8944,49
m.01bp02,92
m.01b9ck,71
m.01_4rf,21
m.012vby,54
m.01433m,64
m.019rd,55
m.01_pkq,99
m.012y1h,41
m.015k7,83
m.01mb3yn,74
m.01451_,54
m.018ftv,87
m.01hq43,53
m.01k37m,13
m.01j6nyq,62
m.01m996b,23
m.01f8y_,55
m.01j8nk,33
m.01gfc8,17
m.01l1z7,12
m.013267,64
m.01dgxv,28
m.014z8v,90
m.019d57,98
m.01b7r6,29
m.015j6y,92
m.0183tt,77
m.01m73f4,35
m.015wfy,74
m.01cv4d,79
m.01hhln,32
m.0132kn,80
m.01mdcc7,61
m.01cxxv,65
m.01mpq7s,100
m.01m5y4b,42
m.015hws,32
m.01lz4tf,88
m.01h4rj,95
m.015mrk,93
m.017fb3,5
m.01hcmw,60
m.01c9z7,99
m.019m7f,82
m.0170q1,74
m.016j2t,48
m.01gxw3,33
m.01ljn2_,56
m.01_ns8,53
m.01_4td,13
m.01cqpy,9
m.01dqsl,80
m.011_ww,87
m.0148x0,97
m.01mm5g0,58
m.01jrp0,96
m.01lsst,82
m.01mn8d9,46
m.01fs_4,98
m.019f8r,64
m.015f10,45
m.01jgf_,3
m.019r53,34
m.015ylh,13
m.015p37,99
m.019gmw,66
m.01j141,48
m.01mn5kd,69
m.01dhyj,6
m.01_t77,72
m.018kjc,67
m.018_qq,93
m.0193yg,55
m.017kq,74
m.01lkj6v,38
m.014mvy,99
m.01k6n8,64
m.01lv6t3,62
m.01kw_0h,79
m.01jvfb3,39
m.01gvv5,100
m.01hm7d,84
m.01k1jzx,54
m.01_tp9,72
m.01cd78,92
m.01201_,99
m.01kz2w,56
m.0170zz,60
m.01cdmf,86
m.0173cq,83
m.01h75w,89
m.01fm25,93
m.01gkyh,8
m.015k04,92
m.014dy_,90
m.01368v,91
m.0129_w,63
m.016d4t,67
m.01hld8,65
m.01ddx5,13
m.01gvvn,97
m.01br43,94
m.01lbnhk,45
m.01d7l8,89
m.0154x6,60
m.01j6jv,30
m.016yr0,92
m.01_b18,42
m.017_g5,53
m.012bk,69
m.01m_xk,24
m.015blc,36
m.017m2y,100
m.01lmk9k,50
m.014jxq,98
m.015kj2,40
m.01c5d5,29
m.018ygt,98
m.01kkx2,82
m.01m11n,97
m.01_d75,61
m.01bllw,81
m.0171jz,100
m.019wvw,67
m.01fpjb,11
m.01bxvb,25
m.0184cd,100
m.01_njg,33
m.01k8rb,97
m.01dmmg,42
m.01jp40,21
m.016k92,96
m.01lzm6j,84
m.01c6l,82
m.016q3h,70
m.01_52c,69
m.01_85c,98
m.01hb6v,90
m.0161fm,38
m.01clxv,65
m.017xm3,76
m.018t7z,78
m.01bgwr,92
m.01fwf1,95
m.01g5yx,80
m.014xw5,14
m.0154b9,25
m.01mp5g9,73
m.01l3j,77
m.01f9zw,91
m.01ls27,65
m.014v6x,96
m.015ykr,62
m.01lcmjr,97
m.0162lw,56
m.015ksy,69
m.01gbkp,24
m.0138d,19
m.01cny9,74
m.01dmfm,37
m.01804k,97
m.01dm0r,80
m.012fgx,74
m.019f58,54
m.01bzhh,81
m.01gltf,71
m.011zfk,78
m.01jb3k,43
m.01kp63n,75
m.01bxhq,0
m.01m42d0,91
m.01jz6x,92
m.01kt95,39
m.01lvcs1,67
m.01h9tp,60
m.014lb1,88
m.018fmr,100
m.01kshq_,99
m.01llvw_,89
m.01lyj_0,64
m.019zl1,97
m.01ctmf,75
m.01l8s5k,57
m.01lz1t,31
m.01f9y8,50
m.012yxk,48
m.012d7w,52
m.0155yx,79
m.01gvx4,97
m.01djtd,23
m.019803,93
m.01ctkj,96
m.01fhjf,68
m.01mbnk6,56
m.016yk0,98
m.01_4nv,43
m.01_wnr,32
m.01h434,30
m.015sfn,70
m.01lw3t2,51
m.01lsv7,83
m.019hz7,38
m.01kwsg,91
m.013m5y,51
m.0166w7,11
m.01b97s,30
m.0183xv,96
m.01clnf,28
m.01ljd4b,49
m.018f07,87
m.01b97d,57
m.01l8wwt,90
m.01_2bb,100
m.01jc7z,75
m.01kgy7,96
m.0139ps,47
m.01b3bp,89
m.01j64m,81
m.01j5rc,60
m.01dtbz,28
m.018p19,59
m.014yk8,46
m.01m3hxr,58
m.01386m,93
m.01lrts,51
m.015dz8,78
m.0133c4,47
m.01l8slj,96
m.01ldt9,100
m.01cftf,26
m.01khbg,18
m.016sbm,0
m.015r3b,27
m.01lgby1,77
m.0148n_,65
m.015vn7,79
m.01l0y2z,16
m.01lx6g6,83
m.01m6j7j,67
m.01h73,16
m.01l14dh,56
m.01d61p,65
m.0139xn,76
m.01bprk,47
m.01l74dl,19
m.01_rmy,58
m.01m4kpp,94
m.01m40r,83
m.012g92,97
m.01kx1j,55
m.01m2lbk,67
m.0177y3,82
m.01jxknf,66
m.01ft64,75
m.01_xfz,51
m.01bsgq,94
m.01452x,65
m.016k0j,70
m.01fn_2,93
m.0196dc,34
m.01h7h0,38
m.01_jxn,8
m.015930,26
m.01ktq7,56
m.016kdv,89
m.01ls77,91
m.01dhmw,45
m.01mscws,38
m.01j379h,70
m.01l_tjb,85
m.01j_m6,64
m.01lw9v4,62
m.01lnxsj,76
m.014f8k,95
m.01_hdn,46
m.011_db,47
m.01jhrs,66
m.01lvvld,87
m.0161c2,99
m.01bxpr,82
m.01b3hc,41
m.0129sw,49
m.015qty,58
m.0177j_,79
m.01jx9f,66
m.01k_41q,66
m.014g7r,78
m.01lrt4w,52
m.01kp3m,46
m.0196vq,97
m.016z3r,83
m.01h4pc,43
m.015xys,52
m.01gkff,40
m.015cyn,40
m.01bg1k,71
m.01d63g,92
m.01md672,20
m.013qlj,56
m.01hdjt,26
m.01fn42,54
m.01k63p,23
m.01mq8v4,90
m.01ckkq,53
m.01dp76,51
m.015byh,80
m.01mgsmv,54
m.014_sl,98
m.012fs4,37
m.016vx4,85
m.014s81,42
m.01kwpq,39
m.01g0tt,67
m.019qj1,43
m.01__r0,96
m.01df9w,77
m.015jjw,99
m.012t4j,70
m.01b8rj,59
m.01fsty,80
m.01jp_37,63
m.018psc,43
m.0126bb,36
m.01gfzf,52
m.01ljrks,63
m.015tsz,49
m.01449w,87
m.019wd,33
m.01l9krk,38
m.01kmdn,52
m.01jcy_,73
m.01_nh0,97
m.015qmd,82
m.01338h,99
m.012mrd,60
m.0164y7,53
m.014r6r,89
m.01m1g5,85
m.01lhrr6,83
m.01m7762,23
m.01bdkd,96
m.01kwq11,48
m.012cf3,19
m.01k5q0,41
m.01bj_5,69
m.012crs,28
m.01bltf,17
m.015pr1,82
m.01kgbt,85
m.01f9p0,97
m.013v12,64
m.011w0l,21
m.014ps4,43
m.01mhl8v,92
m.015px7,87
m.01lnx3l,54
m.01dr8h,41
m.01kbmk,60
m.01_8xh,42
m.01b5sg,66
m.010wx,100
m.01kwld,99
m.01_5qq,37
m.01ltsnv,33
m.015mpg,43
m.0123x2,94
m.018vhw,75
m.01mj_q9,25
m.01jmtrp,46
m.01lpqrw,50
m.01gst,84
m.01_gcy,52
m.01d_4t,99
m.01lm31,43
m.01kxbcf,82
m.014s60,8
m.012qgc,77
m.01b162,0
m.01m59w,71
m.01hgzdx,74
m.01bd4t,17
m.015rhv,83
m.01lhfg3,63
m.014pzz,93
m.014xr2,47
m.01f_fz,19
m.016sqs,72
m.017q2c,21
m.01cl5d,34
m.01ltgg_,57
m.012801,80
m.01d_c9,91
m.01l7q44,77
m.01jmq6,93
m.01md_p6,54
m.01krjb,70
m.01lfx3x,46
m.01mqdkx,32
m.01f1f9,58
m.015gjr,86
m.01mkbjk,30
m.015jdk,65
m.01lvxq,75
m.01fx9k,79
m.01cwkq,100
m.01l5jl,0
m.012st7,70
m.018f6q,60
m.011w1b,95
m.01mcpr4,60
m.01ffjd,36
m.01b1gs,91
m.013w4h,66
m.017b2p,92
m.012gbv,20
m.01fhwx,74
m.01b9db,79
m.01chgp,38
m.01568p,57
m.014bz3,73
m.01k_g_,63
m.01gw2k,95
m.01gpx8,89
m.014g22,91
m.015nxw,81
m.01grgt,34
m.01l3mk3,91
m.017qkp,86
m.01jgpsh,97
m.016lh0,84
m.01l_r6,70
m.011n46q9,70
m.01mqjg6,99
m.01l_cqr,68
m.01ht9c,89
m.01m45jd,83
m.018j5m,80
m.01737y,72
m.01_bl7,89
m.01ldnmr,83
m.012t1,87
m.01hdrw,71
m.019qkl,50
m.01ltsk,75
m.01_vr4,80
m.01jjyt,37
m.01l1t4,87
m.015nqh,6
m.019525,71
m.01kymxc,12
m.011hmr,27
m.01kh8h,73
m.014pys,76
m.016nws,60
m.01333r,30
m.016xrm,63
m.010lz5,79
m.01gtp9,41
m.01jg2zj,96
m.01kf88,99
m.0169mh,67
m.01lqmg,53
m.01c65z,91
m.01glwq,53
m.01666h,63
m.01mlhqr,39
m.015npr,100
m.016gg4,55
m.019k37,42
m.01l57tv,86
m.011xl3,51
m.01h3yj,52
m.01lr2v_,31
m.01js2d5,88
m.01dlw6,29
m.01mbsv0,78
m.0136p1,92
m.0156dg,97
m.01dhp4,23
m.0166rp,86
m.01m5z_5,79
m.01l_d4m,76
m.018h84,28
m.015xg2,91
m.01l1v5,80
m.012qsp,22
m.017199,11
m.012y66,39
m.01f3m9,85
m.019xqb,76
m.01k780,99
m.01dqw1,31
m.0116g,10
m.01ch4b,65
m.01d_fv,80
m.016hj7,99
m.01k9j_,20
m.01mm6vh,23
m.01_jyc,32
m.0133x7,97
m.01gct2,95
m.01lb4v2,43
m.01khg3,80
m.01d7d5,30
m.01dqtk,93
m.01l7g3,95
m.01h2rl,39
m.01mmr93,55
m.0122cb,35
m.018rsq,69
m.015c4g,98
m.01blts,45
m.017dw4,72
m.01mf_5p,29
m.01f4k9,90
m.017dz3,67
m.012xgs,41
m.014y9s,66
m.017gfd,31
m.01cd6g,48
m.01443j,54
m.01fbh5,41
m.016jfw,80
m.01b5zn,34
m.01jz3tw,88
m.0183qt,94
m.01k_f2,95
m.013yl8,72
m.01l0xdv,80
m.01jfghw,77
m.014r47,8
m.01cgs0,77
m.0188n0,82
m.015zmm,39
m.01fq2k,35
m.01m4rlz,81
m.01ky6fb,43
m.01mdvc4,65
m.016mzj,81
m.01_pwp,37
m.01k5qjc,87
m.0147tp,72
m.012_6c,100
m.012ycy,81
m.01jr38t,42
m.01jw46r,52
m.01b4pl,53
m.01m92z,17
m.01d5z6,21
m.01jnwmt,28
m.01kws5s,97
m.01l5j0r,64
m.0184jc,78
m.018sgr,80
m.01g2yn,0
m.01l2d48,74
m.0182vk,72
m.01jz3wb,76
m.01hk3m,84
m.012lkr,4
m.017kgm,97
m.01dz5n,27
m.01krsr7,76
m.01ftd4,34
m.01_lnt,45
m.01_xxy,78
m.01h9jz,85
m.01fwt6,63
m.013xp6,41
m.01lkwqd,67
m.01lpy_q,52
m.015tp7,89
m.014zzk,83
m.017t7l,67
m.01l2w75,66
m.012ndz,96
m.01ljk94,41
m.01mjqgy,85
m.0136ms,76
m.01m1f2,72
m.01gg59,78
m.01mfsmc,76
m.01lpnyj,34
m.01dpb_,95
m.01kxm2,20
m.01kb_c,65
m.0152xn,69
m.01jg46,63
m.019sx_,59
m.01gz4f,87
m.018_td,23
m.0167p0,37
m.01l4kjz,76
m.01f4p8,50
m.016fhp,59
m.01ldr0l,75
m.0170pk,91
m.013xs1,72
m.01l14n,20
m.011ld9,43
m.01jlxwz,81
m.01_wf3,28
m.0163bt,79
m.0143hz,34
m.01b5l3,55
m.0163rk,48
m.01jpj6,89
m.01lvdb_,11
m.01mhq7q,44
m.015h5t,73
m.017gzy,59
m.01dj15,37
m.019h_b,36
m.015wvz,77
m.01b3vw,64
m.013rw3,73
m.01fd6p,72
m.01c1yg,6
m.010r8j,25
m.017mf4,73
m.01cyjx,83
m.018n9d,57
m.01_wb6,74
m.01csbk,87
m.01kgbdy,86
m.011vz9,77
m.01k4jy3,92
m.01dmjp,30
m.01k_st2,72
m.014pxk,69
m.018gw3,61
m.01k1h,99
m.01hyss,78
m.01fxck,87
m.012m7r,77
m.01jy67,71
m.01dxhd,75
m.01lkd9q,32
m.01lmb8,72
m.01k__p,32
m.01h320,45
m.0154qm,99
m.01m6tnr,60
m.014bl1,63
m.01bc1f,43
m.0138m1,61
m.01lbc4,47
m.01l5rj,75
m.01kgl6,18
m.01mm_tv,35
m.01jxz8z,43
m.01mh7tb,93
m.01gvpm,82
m.01h4l3,64
m.0149h0,98
m.01jw1,83
m.01gzfn,80
m.01lr95,32
m.01c0xx,34
m.017g21,86
m.01d5pr,22
m.015r4v,49
m.01d_7n,92
m.01b73w,63
m.01cqfm,77
m.01kdszx,63
m.01lzc1z,10
m.01l4g5,76
m.01mq4s,34
m.01c29s,95
m.018lcj,69
m.013yy0,29
m.01d6jf,100
m.011_0k,76
m.01gj21,79
m.019l68,93
m.015ghl,66
m.01_z5v,45
m.01k5rg_,38
m.01jntl0,90
m.01lbrm,93
m.01mncqc,75
m.01_jkg,77
m.01j2xj,100
m.011zkh,57
m.01c471,75
m.01cy38,71
m.018g4z,94
m.01j4ls,95
m.01l0mh,90
m.019l3m,88
m.01jywn,68
m.01dwpl,46
m.019xt1,59
m.01ck_1,98
m.01lrfh,80
m.01lyqgd,86
m.015yb0,88
m.01m5rh5,20
m.018kxr,31
m.01jy368,78
m.019v3d,89
m.01c56w,89
m.0147cn,79
m.0137hn,94
m.01l9p,100
m.015py4,61
m.018thc,29
m.01m1mh2,70
m.01blwp,93
m.01167d3z,90
m.01mjv_h,63
m.01d5bp,90
m.015jvm,71
m.019fnv,22
m.01jt25s,83
m.01kmwj,58
m.016mg5,96
m.0143wl,96
m.017c87,98
m.01k5x06,14
m.017d3v,86
m.01c82f,94
m.01m3l3n,90
m.014rqr,84
m.01l1mr9,69
m.019kpq,58
m.01l7nf,36
m.01ggxy,57
m.01lsh4l,90
m.018417,92
m.01807,83
m.015dk3,70
m.0163t3,99
m.01lywd,53
m.017l4,89
m.016tcm,54
m.01mgq46,23
m.019wt1,34
m.01dwdk,22
m.01kfns,12
m.014c84,33
m.01_rch,58
m.0192xw,32
m.01mmwrf,70
m.016kjs,77
m.01gpm2,50
m.01g3j3,25
m.015gy7,93
m.0181p_,91
m.01mqs_g,29
m.013ds0,64
m.01dhg,49
m.01hr26,98
m.01ljvf,89
m.017tlt,43
m.01k7l4,85
m.01_lbl,68
m.01j6nnj,74
m.01j7z7,98
m.01k56yg,43
m.01jhtpl,60
m.01mj9q3,92
m.01kmsw,46
m.01fnvy,93
m.01l24b8,57
m.01_m4r,95
m.01cp87,100
m.016xk5,70
m.01gk22,54
m.016l53,74
m.01kp_1t,85
m.01c46b,52
m.014hlm,92
m.01bz3z,57
m.016zh8,17
m.01fm2,13
m.01520h,82
m.019ftf,46
m.01l3vf,100
m.01hmk9,83
m.01_06j,20
m.011zg9,97
m.01dtdk,82
m.018pwv,14
m.01bq7x,96
m.0133bq,36
m.01dgdh,42
m.01khqph,75
m.01mnfws,37
m.01jls4,73
m.01jsnz0,77
m.01835d,35
m.01l2hlp,63
m.015ph6,90
m.01htw6,79
m.01ms9rb,51
m.01lggy1,48
m.01lkvzc,48
m.01fjcj,41
m.014gf8,99
m.01k1jyt,63
m.0165sj,33
m.01_t6g,41
m.012krc,18
m.01m0gh,82
m.01jxd2b,92
m.01hf4p,11
m.01clmd,34
m.01gm8g,74
m.016z1c,79
m.01lc60,97
m.01m7r_z,49
m.01592l,25
m.0112yl,88
m.01d5vk,90
m.018qms,97
m.018gtw,36
m.014vbq,93
m.01jxzwc,33
m.01_9n5,24
m.01l4n1,73
m.01l15bn,26
m.01l0fn,49
m.014zcr,100
m.017h37,59
m.01bpd2,69
m.018lpm,42
m.01g9_q,35
m.017b5l,99
m.013r6h,62
m.0196bb,79
m.012hqb,97
m.01m1s6,50
m.014dpc,35
m.01m76l,100
m.015x63,98
m.01_pgn,76
m.01lmmjj,91
m.019dg2,79
m.01jr3qg,24
m.012prx,38
m.01lgdc,31
m.018f6b,84
m.014rt_,70
m.01mdg73,71
m.0148vr,39
m.01c_zw,99
m.01hc9_,70
m.01jcld,65
m.01b90h,98
m.01k94t,30
m.01kspqb,54
m.01jscz,69
m.016kqk,54
m.01jzl98,46
m.01_pb_,78
m.01drbr,43
m.01lmws4,90
m.01fj73,66
m.01cj42,70
m.01jqlz1,52
m.01msm8,97
m.01kmxc,11
m.015dvx,55
m.01ksvq4,42
m.01bxy0,52
m.01l1sq,93
m.015ds1,73
m.0127zt,97
m.011_c4,47
m.01ckvz,69
m.014sbz,72
m.01jfvq,46
m.01_768,53
m.01bm5h,68
m.01l4syf,67
m.01m1dzc,61
m.01krs,81
m.018jz8,34
m.01l0gq,59
m.0134lc,10
m.01k0fg,59
m.01l3mw,42
m.01f63_,83
m.01kgh3,81
m.01lrs3h,35
m.016hmf,79
m.015_3s,13
m.015grj,98
m.012t1d,94
m.0129pl,48
m.01cy4k,67
m.01fhy1,71
m.01jy9rb,86
m.015d2r,79
m.019l0h,23
m.015_n2,35
m.01jzjsm,47
m.0171cm,75
m.01lvgb6,88
m.01cxy_,67
m.01k13c,58
m.012ch6,28
m.018hf7,71
m.01fgtp,76
m.011rprn6,69
m.01_jmz,38
m.0131w4,34
m.01bfxq,88
m.01l9w8q,65
m.01ky20w,60
m.01cty4,22
m.01k84w,74
m.018zm2,90
m.019bsx,67
m.01cjn9,32
m.016m3r,12
m.01b31c,34
m.01m4yn,99
m.017fzy,85
m.0161p9,75
m.01bz9g,79
m.01_rh4,96
m.01m3cwg,89
m.01jxzt,21
m.01k2twb,35
m.015p_p,72
m.015pjw,64
m.01csb_,83
m.01b9s1,42
m.0178tj,67
m.019l9q,70
m.014rpb,62
m.01_7ps,40
m.015rbw,41
m.01b0fq,35
m.01693z,26
m.01lz3m2,92
m.01mq523,55
m.014ww_,10
m.01h0gg,60
m.012kxp,72
m.01frrf,96
m.01f8tn,24
m.011w20,14
m.01f309,44
m.0168ql,57
m.01cdm0,77
m.01fx9z,70
m.01ccr8,100
m.014c0y,65
m.01m7ls7,71
m.015gzc,93
m.01m298x,82
m.01cbjz,96
m.018fq,80
m.015qyf,71
m.01dtw8,20
m.01ghwj,63
m.019r_1,47
m.0151w_,96
m.01_mkg,75
m.017hhq,60
m.0122m5,68
m.01hclz,83
m.01_1ym,88
m.014zyp,91
m.01kt6mr,51
m.01dh0j,56
m.01gqzg,41
m.01l9v7n,79
m.016nvh,85
m.013qp3,80
m.01f9nl,4
m.0158r2,94
m.01kwn0j,62
m.015lzh,53
m.019sqz,44
m.01mfqz6,44
m.01bgd7,14
m.01fq41,56
m.018pyg,98
m.01fp68,34
m.01bbby,50
m.01dh1c,38
m.01lgg3s,43
m.01bq8d,73
m.01l03q,71
m.01gj2x,53
m.01_ly4,100
m.01mlzdt,77
m.015qc1,88
m.01bj6y,97
m.01k3drv,35
m.01mhkyv,40
m.017_65,91
m.01cpqk,97
m.015f6_,80
m.01lqpnd,39
m.01cl9d,80
m.01kl_lv,97
m.01ljq2,46
m.01hy3g,96
m.01mqgf,51
m.01mg74d,20
m.016dbr,45
m.01cr7j,48
m.014ts2,46
m.0138y7,56
m.01_xm2,12
m.013_tp,35
m.0141fq,38
m.01khqb,43
m.01241v,95
m.015dcj,97
m.01lvxhv,66
m.01f2n_,90
m.016j2b,59
m.01hkc4,27
m.01lx8z9,93
m.016khd,98
m.018gjh,8
m.01d69t,33
m.017lcg,93
m.01jty2,78
m.01d688,36
m.01m0y3q,67
m.0129wb,28
m.01kbc1,45
m.01m0c3q,79
m.012j9c,62
m.01762z,87
m.01l5wz,41
m.018r3g,72
m.015zkd,29
m.016zvk,98
m.014jz,43
m.018t6m,69
m.019xsq,92
m.01l793,99
m.01m4d43,83
m.01_2sz,24
m.018lxn,92
m.01l72d6,79
m.013bym,96
m.014j23,33
m.0164c4,100
m.01gtzn,5
m.01hdmf,54
m.01m__tj,38
m.01jkyd,97
m.01mlmtw,89
m.01b2n_,18
m.01k_7d0,74
m.012gq6,96
m.01fbyp,45
m.0109kg,34
m.014cq,81
m.01_nxq,42
m.015wfg,90
m.01kz8s,32
m.01kj1n6,76
m.0194h7,20
m.01mbfd9,67
m.01jh00t,19
m.01h7zl,78
m.012lrh,72
m.012xdf,73
m.01ml_c6,41
m.01k4jhm,49
m.015f7,98
m.01mkn_d,74
m.017l7y,93
m.01bl01,64
m.011xgp,74
m.01k5t_3,69
m.01fhzf,48
m.01_w28,74
m.01kzpvx,11
m.01bczm,83
m.0125mr,38
m.01_7w4,83
m.01d30x,86
m.01k9lrv,61
m.016hgp,83
m.01btzc,22
m.016fnb,100
m.01b1kw,66
m.013rds,86
m.01jnfbn,36
m.018p44,72
m.014qv7,96
m.014gsd,86
m.01gft0,73
m.016vy9,99
m.01cblc,82
m.01l5myq,71
m.01kjk4,17
m.01831s,15
m.01ljmff,45
m.01bjdd,92
m.015m1z,38
m.01mq97_,94
m.01mdsgz,61
m.01b2yy,41
m.012j9q,81
m.013yd0,91
m.01dqj6,56
m.01bp17,41
m.01m_5qp,0
m.01kg0r,67
m.01h4j6,41
m.012lv3,99
m.01m7pwq,59
m.01j9_1,72
m.012zh1,72
m.01czfw,83
m.012_jj,93
m.01g00c,60
m.01d190,22
m.01flf5,49
m.01kmwy,88
m.0138qp,53
m.01jsz8,89
m.01l8vs,46
m.01gq3p,72
m.01ldgd6,48
m.01_p15,63
m.01m0_63,75
m.0138zs,48
m.01m_12,27
m.01jrbc1,86
m.013_vh,100
m.01lmlrv,70
m.01b510,84
m.01mh8zn,72
m.01d494,72
m.012r36,18
m.01lt5yg,71
m.017flm,28
m.01jfvc,90
m.019ty9,38
m.01mj0sr,56
m.01mhvx1,87
m.01lpbcd,45
m.01cwk9,99
m.01hw6wq,80
m.01kk_s6,58
m.019mfn,28
m.012267,83
m.01_ztw,100
m.01l5v2,47
m.015xhx,6
m.01l8rd,20
m.01jpwfr,31
m.018zdn,30
m.01gz7v,10
m.01msy0s,61
m.01ftjx,63
m.01l42w,96
m.01g6f5,45
m.01gf5h,84
m.01f4d3,45
m.011k4g,21
m.01f6zc,89
m.01grhk,43
m.0175m_,77
m.01hd31,73
m.01kpb3f,50
m.011zd3,99
m.019l86,52
m.01lmw1x,44
m.01ml_2g,77
m.01fg_t,49
m.014pyb,42
m.01ldl8,80
m.01djv5,76
m.01d401,48
m.018tfd,50
m.01bt8r,60
m.01hzxy,17
m.01g4bk,90
m.014byr,56
m.01k5tvx,24
m.01fh8r,30
m.01d67g,31
m.0169ff,72
m.016k58,65
m.0199pk,94
m.01grww,28
m.016ghw,36
m.01j9g6,61
m.01_hnd,30
m.0191zc,6
m.0141jx,8
m.01k0rxm,29
m.01cy1c,83
m.012s9f,77
m.01lf80n,82
m.01lsdlr,54
m.01l4tnh,75
m.01778_,49
m.01lcf4w,91
m.01cm_n,15
m.01kj0p,100
m.01jckl,23
m.01k2vhd,47
m.01b528,81
m.01h0st,76
m.011y5k,40
m.019g40,80
m.01d1yr,90
m.012c6x,75
m.01mjy04,85
m.018hyr,8
m.01msrs,91
m.01mh28r,38
m.01f5b4,36
m.0135lv,20
m.0163l9,87
m.01h8ph,15
m.01lyc_,60
m.01kcw4,28
m.01mc3y,75
m.01678_,19
m.01_j71,99
m.01j_njt,47
m.01d580,100
m.0177q6,13
m.01k70_,85
m.014vtj,50
m.01721f,77
m.01fhnm,97
m.01mc3g1,86
m.01h0_w,97
m.01jgrjn,80
m.01lykw,83
m.0191kx,51
m.017yrh,9
m.01d4t0,16
m.01mqnr,91
m.0196wv,25
m.017dzj,33
m.01_f_5,97
m.01_p6t,100
m.0166w_,100
m.01l34zv,70
m.01k5kd,22
m.01lmcg,49
m.01jszt8,23
m.01mm7j9,90
m.01kpv04,31
m.014scr,20
m.01l4x2,53
m.01l2v7q,43
m.01gy1l,79
m.01gq_9,61
m.01kchk,61
m.01m8cgc,40
m.01cp7h,89
m.01kmxnz,68
m.01mjyj0,34
m.01d75g,61
m.01kfm7,68
m.01mb47s,91
m.01b1jr,80
m.0175wg,95
m.01lpl_g,84
m.01gv_f,99
m.018hwl,67
m.01mr3v_,42
m.016gj9,89
m.01dyyw,79
m.01m4r9w,7
m.01bmxj,61
m.01c9j8,78
m.01mbjwt,66
m.01m4rnj,50
m.011xll,34
m.0146fs,37
m.015y0s,21
m.018bt,7
m.01_w64,55
m.01lypl7,55
m.01_hs9,59
m.01k29sf,52
m.01b3vh,56
m.011qh,39
m.01lcmt,6
m.01f_z_,26
m.01cp71,85
m.01lff7,48
m.01lv4nd,29
m.014cg0,51
m.011h2_,40
m.01flb2,87
m.011_2h,73
m.018h76,20
m.01k9gbd,52
m.01fv0x,28
m.011xjd,67
m.01l_nxf,72
m.01fs38,30
m.01m0cg,14
m.01g07p,19
m.01lf8p7,89
m.016qtt,93
m.013zjz,78
m.01gvrf,89
m.018mts,69
m.01jrs46,37
m.016vyp,87
m.01k3qj,89
m.01mfxzq,46
m.01bywv,74
m.018350,31
m.01msnvp,40
m.01h1w_,74
m.01c1n5,99
m.01j50k,69
m.01mmhdr,64
m.01jjnl,95
m.01m29sh,83
m.01fnkt,91
m.019h1v,23
m.01htj6,70
m.01cfp8,59
m.0163y8,40
m.01hfv2,66
m.01kpcl,14
m.01637n,48
m.01jbrt,64
m.016bxh,90
m.0139rh,50
m.018xyj,36
m.01k5tg,94
m.01m8g__,85
m.01h448,91
m.01m53tl,65
m.01lnknt,41
m.012rng,62
m.01j89fn,80
m.016ywr,98
m.01_1cm,82
m.017x69,67
m.01mq3l3,26
m.016nrn,64
m.0142fb,66
m.013bd1,96
m.018z54,83
m.01bcvr,80
m.018m1s,33
m.01_rj3,22
m.01c2_j,99
m.012l22,95
m.01fvfn,70
m.01kmd4,80
m.012034,80
m.01kyn0,95
m.01hk74,21
m.01ctm2,55
m.01br1k,70
m.01d1st,94
m.01k3dtv,71
m.0155zp,88
m.01jrvr6,96
m.01lkv4c,34
m.01hkg9,29
m.01mr2g6,71
m.01hkx5,68
m.01k4414,71
m.01kwqcm,39
m.01m54f8,68
m.01jqr4y,51
m.017_pb,77
m.01f6g3,100
m.0149xx,67
m.015x10,77
m.018t1b,59
m.01mk2c3,100
m.01gvxv,93
m.01kzy3,36
m.015y4c,80
m.01lw3kh,85
m.01gdq0,82
m.01_5_9,79
m.01618n,86
m.01kklt,66
m.01mgqjs,66
m.01m1d8,61
m.01jcg5,100
m.012hr4,72
m.01k1gg1,37
m.01kx43w,64
m.019cn_,28
m.01d9v5,70
m.01gdlz,74
m.01b8nj,92
m.014dg1,99
m.011hjj,24
m.01gk4c,59
m.01mk2vy,54
m.016t7l,41
m.01mfsbr,82
m.01gvwr,97
m.01_x4x,94
m.014k2p,69
m.01kdh8,55
m.01lghqz,43
m.015ql_,88
m.01blnw,91
m.01j3ky,73
m.01kcgj,48
m.01bmh3,97
m.01bhb2,88
m.016wvy,76
m.01hfn6,75
m.01bpn,97
m.016sz1,94
m.01krzl,83
m.01_ckp,12
m.01jmzyr,39
m.01l5d0j,79
m.01jtq1_,68
m.011_8,87
m.01_906,43
m.01l837,99
m.0126nx,17
m.01dnmp,87
m.01mgyt0,77
m.018g5b,50
m.015dgg,88
m.01b9z4,97
m.014cw2,83
m.012m4n,14
m.012t7s,63
m.01lgjq5,57
m.01g6v_,30
m.013823,58
m.01l1v5n,11
m.01hhcj,54
m.01k_9z,29
m.016r3x,95
m.014n94,77
m.01__cj,89
m.01bl2d,49
m.011w7m,70
m.01ml44x,48
m.01l35sx,28
m.018fkc,61
m.01dcdz,63
m.01_lt8,32
m.01hlvhq,34
m.011m1y,96
m.018yj6,96
m.019kc,80
m.011h_w,66
m.0144vn,32
m.014sn2,92
m.01c_mk,69
m.015zdc,30
m.018pj3,92
m.01_rb7,20
m.015nvj,18
m.01czvz,63
m.01l_v5,73
m.018y2s,94
m.01fdc0,97
m.011xr,40
m.01k5wsd,29
m.019s7b,79
m.01mn0ms,59
m.01lptb,70
m.011z4p,0
m.01cxk4,49
m.01m716q,71
m.01lk9q,18
m.012f1d,88
m.014g8p,73
m.01hchr,41
m.01jlfv,53
m.012wbf,34
m.01dg_t,17
m.01g140,72
m.01dsgp,78
m.01_z45,90
m.01bd1t,87
m.01kl_q,68
m.01gqws,98
m.019xk_,88
m.018009,100
m.01hkr,19
m.01m3mjj,71
m.01_8sg,90
m.01hgdn,82
m.01d6vj,30
m.01_gbv,76
m.01jj8q,78
m.01m_dv,82
m.01msqk,80
m.01knvv,8
m.01dzl3,81
m.014jy6,98
m.017q3j,72
m.01kkgn,67
m.01hvsd,28
m.01ks0v,27
m.012mh_,67
m.01jw0x,92
m.012t3l,37
m.0162n1,77
m.01cnfd,26
m.01bq46,91
m.018lp7,97
m.0130py,40
m.01l_nh,60
m.01lsq2k,60
m.01db19,23
m.018l4f,64
m.01gw0m,76
m.01fwty,21
m.0181y2,10
m.01hrpm,64
m.01f47b,48
m.01mjdxt,98
m.01kws3,11
m.010g87,92
m.01mh9_m,72
m.019k2w,98
m.01jvs4,94
m.01jnt_,100
m.01lb8z,89
m.017yfz,53
m.017n41,72
m.01m4x2l,64
m.01ghyw,89
m.01jtkv,95
m.017x_s,34
m.016hms,10
m.0126_6,26
m.01kxh1d,91
m.016p65,90
m.01dkpb,80
m.01kvqc,77
m.01dfd4,53
m.01g25r,87
m.01bhq8,80
m.01hz88,9
m.01mgtn4,69
m.01ggbx,88
m.01mp1vs,85
m.016db7,69
m.01lh51,70
m.012ng2,58
m.01f4zn,64
m.014x8j,56
m.019qb8,32
m.01llxc4,68
m.01l1ff3,30
m.01k7yzy,70
m.01kp3z,99
m.01mjcn4,78
m.012_53,100
m.01k8f20,94
m.01c02,35
m.019hc4,24
m.017115,60
m.016htr,59
m.0125zt,6
m.01l6nb,65
m.01jj6h,49
m.01jpxvz,59
m.016swh,52
m.015c2f,100
m.01_nhf,43
m.01j7081,56
m.01dbhb,90
m.01b1kg,47
m.016mbz,88
m.018qlp,99
m.01kbds_,57
m.01jl_g,38
m.01jqwf,92
m.0181j_,77
m.01_vxd,43
m.01c527,27
m.016qlc,19
m.01lx5b,93
m.01cspq,24
m.01lnvrj,55
m.012cph,60
m.01mp1cd,60
m.0188lg,6
m.019nfb,59
m.01cpwc,38
m.01710v,18
m.01bl72,16
m.01g3ss,80
m.017r13,98
m.015_44,84
m.01_8vb,49
m.01j8z_,96
m.01bcz7,86
m.01k1prk,64
m.018qr9,98
m.01m91d3,84
m.015t7v,47
m.01cfs_,98
m.01fpdw,33
m.01l8_n,69
m.01fwcj,48
m.01fjld,79
m.0136pk,92
m.01gx1c,86
m.01lnd8w,93
m.01728m,94
m.01jxsz,26
m.019ckb,43
m.01lmy5,33
m.0172t3,11
m.016k6x,100
m.01mkb8w,92
m.0154ff,45
m.012cyp,94
m.01kyfs,92
m.01k323t,76
m.01bwpz,30
m.01lqfxg,35
m.012s1x,77
m.017m44,26
m.01_xtx,100
m.017nt,95
m.01f3nh,78
m.01j_rn4,55
m.01h8l0,27
m.01k8mzv,86
m.01mfh8z,64
m.01m4qnk,72
m.015bhj,54
m.01lbwgr,10
m.014b_c,40
m.01bvvc,15
m.01ln9k5,51
m.01cb95,83
m.01389w,66
m.01m0mgp,5
m.01bz20,21
m.01k7k38,71
m.011sb5,22
m.01ggms,76
m.011jfg,89
m.01jmr0,87
m.01mks5b,81
m.01mn70j,62
m.01l9w5,70
m.012vk4,98
m.013qjp,89
m.01dr96,87
m.015czg,39
m.019wbx,28
m.01fvm2,82
m.017yzt,80
m.014936,99
m.01lxh7,26
m.01jj3s,60
m.01lknfz,62
m.0190r3,86
m.01mf2hr,52
m.01jln,82
m.01f0bm,87
m.0132k4,66
m.017fg7,59
m.01kz_yr,74
m.0166z2,68
m.01g4vc,48
m.014x2j,30
m.0157m,96
m.011t6,49
m.016mm_,69
m.01brnt,73
m.01m2jjj,31
m.015wkb,81
m.018f5m,51
m.01k91k,81
m.01k6nm,78
m.01m_7w,72
m.01jwlw,33
m.01jr5w,35
m.01lprmf,56
m.015y98,59
m.015076,98
m.012gbb,100
m.016bxy,91
m.019f62,73
m.01m63gj,92
m.016j74,70
m.011s_x,30
m.01b4jb,98
m.01hzx6,40
m.01l87db,97
m.01fx79,88
m.01jhtj,83
m.018m5c,86
m.01lb7q8,58
m.01385g,94
m.013ps,33
m.012kl9,6
m.015bvl,85
m.01_vwx,82
m.01d67x,81
m.015brk,46
m.01fh9,95
m.01mmt__,39
m.01lmc66,74
m.018wh0,64
m.01gz9n,32
m.01gvz3,80
m.01bgrn,17
m.01hfnk,95
m.01hnjc,16
m.014xzx,99
m.019gz,81
m.01l4vj,96
m.01mh9ks,37
m.01bl67,80
m.0173p_,98
m.01939y,86
m.017fl_,52
m.01kq6y,55
m.01f097,80
m.01mq7_r,61
m.01lcrp,21
m.012cm5,26
m.01hsw4,27
m.01hbds,84
m.01jtpmd,86
m.01m2q8d,86
m.01lsq_,92
m.0191y8,92
m.01_vfy,70
m.01m40k5,20
m.01msmn,44
m.019qv6,89
m.01552j,35
m.01hh84,40
m.010ngb,85
m.0198c0,93
m.01k1g_d,17
m.01_08w,76
m.015dnt,83
m.01lqnff,97
m.01m4h0,51
m.018gkb,67
m.0153v9,89
m.01k4f7,72
m.01kbqy,62
m.01_8rq,99
m.017j0_,55
m.01l26k3,9
m.0150mg,77
m.01jzhl,90
m.017rpy,39
m.01hs26,91
m.01d0fp,99
m.01hxkc,45
m.01dzvn,92
m.016m8t,97
m.01m7gg1,94
m.012ljv,55
m.01k7lw,83
m.01h8lg,73
m.01gm43,34
m.01c6dg,60
m.01_4gp,83
m.012y87,50
m.01kzrcw,42
m.016cdn,95
m.01gr0d,80
m.019bw9,56
m.01k31p,74
m.015zm,36
m.01598m,96
m.018t67,86
m.016t28,16
m.0144k5,100
m.01dvtx,33
m.015tv5,50
m.019y64,87
m.013qpt,52
m.01m960s,93
m.015gx1,67
m.01_k0d,78
m.01k_21r,31
m.01c806,38
m.01ljgjl,57
m.01jsjr,10
m.01_pcr,90
m.01mqjw4,35
m.01mmhq7,58
m.0179ys,46
m.018mfl,38
m.0166zk,86
m.01lszsz,38
m.01k0z1,89
m.014bz_,82
m.01djk0,32
m.01kd7n_,0
m.01k47c,45
m.012kfy,0
m.019s7r,83
m.01ln2b,22
m.015j58,77
m.018sh5,41
m.0167xk,93
m.013s6x,78
m.0147qz,50
m.01845d,64
m.01gtdr,72
m.01fmcd,83
m.01h910,99
m.01l3qrd,75
m.019jv6,54
m.012mmb,92
m.01l8gps,72
m.01dzmb,82
m.01gqyr,46
m.0162c8,100
m.01mmdx9,80
m.01ctnp,82
m.01fs4v,99
m.01hcbh,59
m.01_x6d,49
m.01fqqp,85
m.016bry,22
m.01l9db9,98
m.0144l1,85
m.016m0v,94
m.0125fd,98
m.01fc08,9
m.01chqh,25
m.01hn9q,43
m.019m90,51
m.01h40z,70
m.013qq4,67
m.01fx2g,99
m.016194,55
m.01_1r7,33
m.018qn8,68
m.01m3cf,48
m.01mjd46,93
m.011_nf,86
m.01mn_y9,92
m.01h11m,77
m.01_jm7,92
m.0135wz,38
m.01dv42,35
m.014x21,16
m.01lvpwg,92
m.019mxd,54
m.01jx7s,49
m.01gkkm,38
m.014_1g,86
m.015pxr,93
m.01brc5,85
m.01j5x6,99
m.01j009,29
m.0165gc,55
m.01bm50,81
m.018qcv,45
m.01jyxv,19
m.01m0ntx,65
m.01f8ld,99
m.01fk7r,16
m.018c42,58
m.010ryc,64
m.018x2v,64
m.01br7x,42
m.0164lp,77
m.01jfrg,98
m.014g9k,30
m.015fyd,45
m.01_81m,38
m.01m2fg,29
m.01l4lqg,55
m.01j6dk,83
m.016sm_,95
m.01jpmpv,79
m.01547g,98
m.01_6dw,91
m.017hwl,59
m.013qwy,78
m.01mqzj,85
m.01_3_s,89
m.01l50pd,67
m.01mq8m7,29
m.01bxk6,81
m.011l17,58
m.01mqs5f,36
m.01jg2n,62
m.01kdft,65
m.013834,94
m.017m9x,20
m.01_zxm,65
m.01h1d1,16
m.01l1yh,22
m.01dy7j,99
m.011hz9,40
m.015m2c,25
m.01815s,81
m.01hjjk,67
m.0150m1,92
m.014pkc,57
m.01lz09,74
m.01m1v4,72
m.01l_yj8,48
m.01lsxfr,89
m.011ct,60
m.01dxfc,84
m.01l_nd0,92
m.0191bn,37
m.01jdnm,41
m.01mh2d9,32
m.015dqz,87
m.01m_mxk,51
m.01bqmg,85
m.01b_6y,74
m.014jb8,58
m.01_xg9,72
m.013107,78
m.019jvk,94
m.01dw4q,98
m.01cn76,53
m.0198w_,65
m.01lntp,10
m.01509x,91
m.014g9y,100
m.01jmp6x,45
m.01lvfbb,72
m.011l41,31
m.01bss,73
m.01fphj,80
m.01bl0h,80
m.01dk1_,8
m.0167h6,95
m.01cw0m,53
m.018ft2,34
m.016q0w,41
m.0138b7,78
m.014vy9,49
m.01kr9l4,58
m.01lmv1f,29
m.01b3x0,58
m.01m4_yn,43
m.0122cr,36
m.01_fm9,59
m.019f9z,100
m.01k5vjs,56
m.01k321t,72
m.01k99c,14
m.01g6my,48
m.01jtkg,77
m.01lk0y,98
m.01kb30,53
m.01dhy0,55
m.01m3wtf,49
m.01cj88,65
m.012j8z,96
m.0154s9,63
m.01d0bh,86
m.017_9h,51
m.01bzr4,65
m.014_bn,49
m.01_0pj,78
m.018f2l,10
m.01m_kv,98
m.01hvnw,69
m.0171z8,64
m.01257s,82
m.01f27c,54
m.01gtr1,55
m.01900g,99
m.015v3r,90
m.0173s_,91
m.016lxg,20
m.013yf7,61
m.01bmlb,80
m.013ff1,76
m.01m4fy1,32
m.014byd,10
m.015x4b,37
m.013q78,85
m.01lv3rr,98
m.01mrfw1,48
m.017hm9,63
m.01kwh5j,56
m.01kwcy6,21
m.018462,95
m.0178sb,56
m.01kgpk,67
m.01lpl7c,23
m.015gsv,83
m.01f0p6,60
m.01_cpt,38
m.01gkm5,52
m.01lddsv,67
m.01793l,89
m.01lb3wy,41
m.01hk1r,73
m.01kqtd4,81
m.017t_d,20
m.015djp,88
m.01m6pph,45
m.01msk4,92
m.01kt9k,23
m.01d_bx,96
m.016bwn,71
m.0173wy,48
m.01csg9,42
m.01kjs67,21
m.01kycj5,81
m.01mdmhb,73
m.01lqqc,60
m.01hzy8,45
m.01m2t73,53
m.01db4k,16
m.012cwr,54
m.01j9wb,90
m.0191d5,28
m.015p0c,36
m.01knh9l,98
m.01jqrj,42
m.011kd9,55
m.017_j4,82
m.01k36g,71
m.017_f2,23
m.0122lq,87
m.01k7d9,80
m.01l4vx,36
m.017ntg,29
m.018d6l,71
m.01m114,90
m.012ysy,90
m.01_2qs,50
m.01f6nq,97
m.015x1f,22
m.01ml5_h,81
m.01hxq5,68
m.01c7qd,34
m.015511,64
m.01987n,66
m.01ldst,62
m.01jgjxv,72
m.01kdk6,40
m.01j_8l,76
m.01m0x4,89
m.013q8x,80
m.01_mtg,70
m.01gg6m,30
m.01_n9_,61
m.01ls5bp,67
m.0132sy,48
m.01l2rtn,61
m.01mrdr8,83
m.015gqm,78
m.01lzzzf,67
m.0164w8,41
m.016sp_,71
m.014zy,60
m.0173ry,40
m.01_psr,34
m.012vqh,73
m.018n52,52
m.01lhc5f,67
m.01ffvy,41
m.01knm,88
m.018p2w,88
m.01b987,48
m.01j4srb,78
m.016vqk,99
m.01dtmv,85
m.01fz36,94
m.019541,50
m.015p3p,81
m.018zxb,60
m.01ld5yf,43
m.014x4m,25
m.01c54b,94
m.01jlc2,2
m.01l3h7d,88
m.014jjj,57
m.01_pg8,95
m.01d6_w,40
m.01k74b2,15
m.01j_3k2,44
m.012c6j,92
m.019wc7,42
m.015r7d,16
m.01g42,94
m.01k47w,56
m.019mjs,18
m.0159h6,100
m.01ktx57,90
m.01mp6x1,90
m.01_6h2,45
m.01_qm8,83
m.01f7dd,100
m.01jtw12,76
m.017mhw,36
m.012yp7,44
m.012zqs,28
m.01jr3l7,46
m.01hps7,35
m.01_dcb,17
m.01kcys,48
m.01f6k6,75
m.01b794,53
m.01l9m66,50
m.01fkxr,99
m.01dmpj,38
m.01m1ppk,38
m.014d15,74
m.01g10c,32
m.01h8t_,80
m.015dqj,100
m.01dn0t,70
m.012cy5,58
m.01lqf5h,48
m.01h471,73
m.01fv23,54
m.01m0xz,10
m.01ls9m,73
m.01l2v94,84
m.01l1hr,89
m.01jzkl8,52
m.01_thm,41
m.015r1r,0
m.0181xq,72
m.01lyv8h,37
m.016cz6,33
m.01mbt5r,75
m.01mfwfc,88
m.0127gn,70
m.012ykt,99
m.01cxjr,40
m.0127s7,100
m.018gv8,44
m.01k69k,43
m.01khtk,73
m.0164gr,40
m.018477,68
m.0194tb,91
m.01bw0n,96
m.01mt06k,67
m.01jfb19,72
m.01969m,62
m.01519n,87
m.01kdss,55
m.01mm5tj,13
m.01k5mq1,90
m.01lg1h,95
m.015302,59
m.019r3h,30
m.015520,43
m.01dh0y,79
m.01k7vt8,18
m.018dq3,77
m.01bwv4,70
m.013q3z,100
m.012w3k,60
m.01fdpj,76
m.017jh1,73
m.01dk_,70
m.01k9vc,66
m.0177yg,48
m.015r3q,65
m.012t8n,81
m.01ld_g6,37
m.01m54p,94
m.01l545,89
m.0159xc,92
m.01mqzy,38
m.015tyq,92
m.01kzphj,54
m.01mlcp6,93
m.015q36,70
m.0133kw,69
m.01lps4,11
m.01k223,20
m.01ljk0w,78
m.018xjb,77
m.018qwf,34
m.01bcq,99
m.018swb,88
m.01fhjt,58
m.0182tt,62
m.01g86n,18
m.014kbz,84
m.017h_2,67
m.01k1w_f,37
m.01htw_,96
m.0134cp,60
m.012m1s,81
m.017hjz,36
m.01l8xps,74
m.01lgdb_,62
m.01k4rx7,23
m.015qv9,56
m.01mddpy,32
m.01hgj6,18
m.016pns,85
m.016q49,33
m.017tl9,38
m.015t56,100
m.016ksk,84
m.01_wvf,90
m.01lct6,86
m.01l_vgt,97
m.01lcl9,80
m.01l_lk,39
m.01_5tx,94
m.01llxp,66
m.01lkmx6,72
m.019m2t,78
m.012xx,5
m.01js_6m,66
m.01j1l_,33
m.01_8_1,26
m.01mrs8,39
m.0159vf,31
m.01dq85,54
m.01mnfmv,30
m.01ml38h,79
m.01m55j,88
m.01g1lp,92
m.0181gp,68
m.01fwpt,95
m.01c58j,45
m.01fgj_,36
m.017nj4,69
m.015g_7,83
m.018k23,57
m.01k9gr,92
m.017hvr,24
m.013zs9,92
m.013ykk,75
m.01380_,94
m.01hhd7,84
m.01jp5fb,85
m.01ms5k,48
m.01h81s,44
m.01mfmw2,72
m.01833g,29
m.017wbg,70
m.015b1j,27
m.01gn36,97
m.012kqy,43
m.01jbrf,99
m.01_rph,95
m.01hf8_,87
m.010hnp,50
m.01mr_m6,33
m.01m1q39,54
m.015klf,92
m.01fvh5,64
m.015865,76
m.01388c,96
m.014tjj,14
m.011z2p,2
m.01kf06,98
m.01m02mz,61
m.01mq3p_,81
m.01830j,58
m.0159wm,98
m.01c_gv,32
m.019x6k,43
m.016tbr,100
m.014gs0,85
m.01l7f1,72
m.01lmlc_,32
m.01kc1nw,69
m.014d0v,98
m.01mc7k7,70
m.01mbw4p,0
m.01lqw7,54
m.01dwjy,39
m.01kpwz,89
m.017f0f,55
m.01grh,51
m.01gy3y,46
m.01gfrc,94
m.012kf7,57
m.015796,49
m.011s9r,25
m.01k15v1,54
m.016kb7,82
m.0177g,53
m.01m58q,63
m.01cwhp,100
m.01kzw8,71
m.01d4sm,61
m.014p33,57
m.0169x_,40
m.015x07,45
m.01kq4tc,16
m.01g23m,100
m.017rjs,91
m.01k2r5,33
m.01c1c7,37
m.01c3y8,57
m.01b8gp,89
m.01hy2s,86
m.01lqxdq,72
m.016cn6,83
m.015wx7,46
m.01m0nsf,57
m.015418,16
m.01lj1jb,55
m.01kfbgq,82
m.01lbz_w,45
m.01b7cy,53
m.01b_k6,40
m.01_2n6,99
m.01632_,72
m.01ghtz,70
m.015r9d,81
m.01ksss,65
m.014jk0,59
m.01lg_q2,89
m.01_8fp,83
m.01mr25f,97
m.014bh7,54
m.01mjdwj,38
m.01fx6h,100
m.01m89jz,27
m.015rxq,96
m.017ckq,46
m.015y7r,42
m.017rx_,17
m.018hxy,98
m.01_3yf,19
m.015bk6,60
m.016j4q,50
m.014fcb,75
m.01lk4sk,45
m.0149wl,72
m.013my_,99
m.016q1r,75
m.01lm61s,63
m.01hmpq,82
m.0168vx,85
m.016x2n,75
m.01m7hm,46
m.01m3ms5,64
m.01lbhw,66
m.01ddnt,45
m.012z4p,91
m.01m9r7j,41
m.01c_m_,38
m.01g9r9,49
m.01b11y,96
m.0116dvgh,32
m.01j5_1,65
m.01bmgb,45
m.012w9y,50
m.018fwb,34
m.01_8k1,5
m.01_j1t,93
m.01mr035,9
m.015s_3,27
m.01l8nfw,36
m.01541z,100
m.01_rlk,82
m.015htz,96
m.01_ml6,42
m.01hvjk,62
m.018s54,40
m.018q7,99
m.016sdz,34
m.01_l9k,35
m.01g1_m,86
m.01bwm5,96
m.01jxhsk,61
m.0121rx,82
m.01mk0ct,17
m.016v7h,7
m.01jmz5b,48
m.01kq8vt,52
m.01h_yd,53
m.01jylw,97
m.012b14,25
m.01byly,79
m.01m6k6z,62
m.01f_58,21
m.013p_0,63
m.011m33,88
m.01jrf3r,65
m.012z8_,79
m.011jy4,50
m.01mlm1j,82
m.01m1qkq,71
m.015882,80
m.01fnw9,62
m.01fwk3,99
m.01mkk1l,42
m.016wkh,41
m.01kp86,97
m.01djjk,55
m.0174gf,78
m.01jppm,18
m.01f0kx,81
m.01mh6tr,31
m.01jxsg,25
m.01cwpz,48
m.01fwgq,98
m.015pz3,49
m.01j_ydw,66
m.013c_g,48
m.01bkdc,38
m.01cgdq,92
m.01l9f23,42
m.01m4qj,81
m.016q4_,57
m.0130vq,82
m.014902,83
m.01cwcr,99
m.01fv1q,79
m.016tqw,37
m.013wg6,51
m.01l_yg,94
m.01d36y,67
m.01f7j9,91
m.01k0qs,31
m.01gw8b,99
m.01lkl2n,57
m.01lplp,38
m.01gkbj,31
m.01cd5l,28
m.01d8ny,61
m.0191cq,95
m.01lmd6,85
m.015vql,68
m.01gmbt,69
m.01ht0m9,69
m.01lggvf,46
m.01_qrn,58
m.01mlrn9,64
m.019w53,67
m.01lpk9p,50
m.01lbn3,40
m.01j29r,74
m.0164nb,100
m.01lpf1m,72
m.013sj4,83
m.018gl5,92
m.010p8p,80
m.016_js,88
m.017tnz,77
m.01jgrp,42
m.01507p,99
m.01bh6y,100
m.01c59y,69
m.0161sp,85
m.014wsb,44
m.013vtr,68
m.01lpr3t,52
m.01lf6pz,78
m.01dxx3,88
m.01fqmf,37
m.01kb2dp,82
m.01_kz4,10
m.017r1m,12
m.016yx_,72
m.01md8y2,97
m.0198hp,45
m.015pvh,98
m.01m49ft,99
m.014qvp,31
m.01lv3cf,32
m.01htd6,26
m.013xhr,91
m.015bw2,98
m.01kfnf,67
m.01l__3,85
m.015n3b,8
m.01ckfy,72
m.017rh4,91
m.01j050,63
m.01mqc_,99
m.0133xp,91
m.0134gv,68
m.016rwt,96
m.01gfvz,73
m.01m68mp,51
m.01f3g8,17
m.01_x1m,81
m.01gj8_,77
m.016mx_,83
m.0139t1,97
m.01fb92,71
m.01d4cb,62
m.01k14,51
m.012tjy,42
m.01dysq,20
m.01d0b1,72
m.01k5vnp,46
m.01gp8h,39
m.016hpl,18
m.01m9mp4,51
m.01hkhq,99
m.01_5y1,68
m.01dgvj,10
m.01ljrz,54
m.01fvdz,27
m.01mh3zn,52
m.01k916,13
m.01hry2,30
m.01lzffp,72
m.01m0mcz,70
m.01jy568,65
m.01lt5w,72
m.01mspl,37
m.01clg6,74
m.01m_sm,95
m.01lcpn,19
m.018_lb,100
m.01lpspw,57
m.01jxmlh,68
m.01l437,66
m.01h3md,54
m.0158tn,69
m.014kxv,80
m.01dbgj,54
m.01081,29
m.01_vrx,45
m.01gggl,88
m.015q7v,84
m.017hgl,36
m.01d9m2,66
m.01912s,15
m.01d8v3,35
m.01c315,23
m.015zm4,73
m.01cqz5,49
m.01fgd3,88
m.01ltbn,75
m.01jjqp,53
m.01l0rb,55
m.015jm7,16
m.018bkx,64
m.01ln6vk,93
m.016ggh,77
m.01c_3f,81
m.01kx_81,95
m.01mqwvx,50
m.0150bp,99
m.01mqhp2,53
m.014skb,96
m.01ft2_,77
m.01fhst,89
m.016lb3,89
m.01k1tqk,67
m.01h1r7,63
m.01fx5l,71
m.01jnc6b,71
m.01g57c,15
m.017j0j,18
m.01b1ff,34
m.015q43,96
m.019q8d,68
m.01lgylg,53
m.01lytgt,91
m.01m84j0,55
m.012h4q,23
m.013_gz,98
m.01lfs6h,42
m.0168cl,60
m.01h2kt,39
m.019sq6,66
m.01_kh4,16
m.01htbh,22
m.01_nww,42
m.01dxhr,50
m.01l00pg,82
m.014r93,85
m.012h65,79
m.0173lp,78
m.0195b9,53
m.01dfgl,24
m.019yjw,32
m.01b8ff,58
m.01hgwkr,75
m.01k2wsc,70
m.01515w,99
m.01d0lr,93
m.019pm_,100
m.01fg76,72
m.01lcxbb,54
m.0190g0,15
m.018144,53
m.01jd0k,77
m.01b_88,9
m.015nn6,95
m.01_rr3,99
m.01fwlc,47
m.018v_q,99
m.01_0d4,34
m.014cml,84
m.01mg1_k,39
m.01bclf,56
m.01m2rg9,62
m.019j8h,76
m.017f64,36
m.01lkn48,59
m.01bwd,40
m.01k70vv,44
m.01b588,84
m.01lrzng,85
m.01k9_1,45
m.0182hg,24
m.0187qd,22
m.013z2s,30
m.01mg1s0,45
m.01byb9,72
m.01k23t,95
m.0180tn,72
m.017v0v,34
m.017_xx,98
m.014nx0,54
m.01fgk,46
m.011w1p,77
m.01kv3hr,44
m.01jh0dt,0
m.017nhc,27
m.01k1vw,68
m.01mrp8y,79
m.013zm7,45
m.0131pc,12
m.010hn,97
m.01k9rnw,65
m.0130sy,80
m.01jyqm,39
m.014jm,41
m.016hk4,84
m.012czd,88
m.01hk1b,32
m.01kk7y,32
m.01kb202,4
m.01_9nx,72
m.019389,94
m.01_c6m,69
m.01lpck,24
m.01d47y,93
m.016t89,7
m.01bnr9,92
m.015mzl,43
m.01md3dn,34
m.0132lg,0
m.018phr,89
m.01cjys,0
m.01gs4n,18
m.01d086,63
m.012kk4,14
m.01kcx_w,17
m.01gswr,25
m.01mfm2t,68
m.016vg8,100
m.01f61r,43
m.01jcgy,88
m.015rp8,56
m.01b1d8,59
m.017fks,92
m.011p3,92
m.0192q3,96
m.01kpj93,57
m.01lw7sk,46
m.01kj5y6,68
m.0177s6,83
m.014ncl,12
m.01lfz2h,76
m.01jz8y,89
m.01lbkfd,83
m.01j07f,76
m.0114cfs7,70
m.014y0w,90
m.01cm8j,8
m.01ddty,57
m.01kzlf,25
m.01jqf61,74
m.01j9_y,52
m.01lb4pz,80
m.019l42,99
m.01f761,95
m.01b53g,65
m.01fyp6,13
m.01dtd5,42
m.01lf36,39
m.01kp9_8,36
m.014gr,93
m.013qhn,91
m.014rt3,72
m.01dx68,95
m.01gj5v,93
m.015r43,10
m.0123f1,17
m.01bffy,63
m.01g1zb,88
m.017tkv,99
m.016_mj,98
m.017tmn,6
m.013wz9,95
m.01hg8c,63
m.01438g,91
m.012zmn,28
m.01fpnr,70
m.01635v,82
m.015wks,48
m.01j6mff,70
m.01mk_h5,81
m.0154hr,66
m.016z51,93
m.01jmv99,90
m.01d8n4,96
m.017ft0,73
m.01ldxb,76
m.014kg4,88
m.019w90,39
m.01m_c_8,85
m.013d27,74
m.018v_8,64
m.01cbt3,74
m.019wlg,94
m.01l1b90,79
m.018s7v,94
m.01k71q,46
m.01mg7pp,34
m.01gkrv,84
m.01ccw4,10
m.017_l1,69
m.01k109,63
m.01fps9,53
m.018tvs,37
m.01g4jk,9
m.019wr3,8
m.013846,93
m.017_0d,98
m.01l6fbf,7
m.015cx2,59
m.01m8tcf,85
m.016hnv,10
m.017r70,54
m.015g36,79
m.017cgg,38
m.01g6bk,65
m.01k1rx,74
m.01jk45,22
m.018lb1,99
m.01l7qw,91
m.0165n5,72
m.01jbx1,100
m.01ksnr,59
m.01f7v_,64
m.01bdn6,30
m.016k_v,98
m.01lm8s_,68
m.01mpf1c,94
m.0149pz,64
m.01ky48,45
m.015l51,85
m.01hkf1,41
m.01k7qh,84
m.01cv3n,74
m.01k_r5b,79
m.012gdw,84
m.017kxm,52
m.01ltgjc,35
m.011z69,100
m.01mj9rz,58
m.0136cv,19
m.01lyxk,92
m.0181ph,66
m.01cthg,51
m.01k839,61
m.01mm3qv,29
m.01d4ls,38
m.016cff,83
m.013_4m,88
m.01kyns,77
m.01_wkb,39
m.0121fw,60
m.01mk49k,63
m.018y0w,80
m.01dfc0,12
m.01ff4r,53
m.01kv4mb,43
m.01k_0fp,87
m.01jkqw,5
m.01200d,77
m.018fwv,66
m.014r8b,74
m.017vkk,44
m.0192mn,95
m.013v1_,54
m.01l19b_,29
m.01cmfd,54
m.018w6s,65
m.01l8yjv,70
m.0149vp,50
m.018gsl,53
m.01bygs,85
m.01kd1d,64
m.01d_gy,60
m.01kf47,41
m.0163ww,23
m.01491d,40
m.01hjrp,84
m.01csyt,93
m.01m9mff,76
m.01l68n5,80
m.01271h,92
m.01cjqx,64
m.01_jzl,10
m.01kwjm,97
m.01fjj4,45
m.01j6w04,68
m.01l2fn,97
m.012ck8,39
m.014qk9,15
m.01lqr4q,85
m.015ksl,74
m.019yt,77
m.019nvy,24
m.01f4nk,42
m.011_pk,82
m.018qhj,40
m.01ctxf,64
m.01f99_,68
m.01k2c2,75
m.0178_j,93
m.01b610,76
m.0160zv,0
m.01_pll,64
m.01lynp0,8
m.012981,26
m.0168dy,97
m.014y6,96
m.01hw4n,79
m.01k1qb8,58
m.01bgqv,94
m.0132t8,37
m.016sff,16
m.01f9mq,99
m.017j2b,78
m.01_1wr,77
m.01j4p1,48
m.012yg1,67
m.01ks8,40
m.019wrw,92
m.015dy6,14
m.01js_p,89
m.01l70rq,95
m.012pxw,63
m.01_0vk,74
m.01gvyp,90
m.01m4ck,8
m.01l9c3z,75
m.01lvy5,0
m.0181r3,80
m.017fgp,68
m.01j6jd,71
m.01fd57,98
m.013ykx,53
m.015sxw,84
m.0199cb,44
m.01dqcq,65
m.016s0m,99
m.015z4j,98
m.017r5g,83
m.01_rp3,45
m.01hj1k,57
m.01_fz1,71
m.01kzzyf,85
m.01d0_6,53
m.01l1l6_,61
m.013zk9,58
m.01_jmm,42
m.015d0d,2
m.01jh8xf,45
m.014g79,75
m.01ltq7,34
m.011qm2,79
m.01mny4_,68
m.01c9yk,69
m.018gqj,92
m.0152gd,14
m.017hw4,53
m.01kgsl,57
m.01_hv7,22
m.0149k5,40
m.01kd57,57
m.01jgqg,3
m.01mf7yq,33
m.01ckql,52
m.01js29,15
m.017dkq,94
m.01hd6k,52
m.018ry5,95
m.01m5344,67
m.01782n,21
m.01k358,58
m.01hbc7,74
m.018kd0,47
m.01czs5,83
m.01gjns,85
m.01kfj9y,83
m.01jq08_,16
m.01kkqp,26
m.01jxc1h,28
m.01_4f5,18
m.01msq1,74
m.01byy,30
m.01hljt,45
m.0171lb,29
m.0199mw,65
m.01l67q3,71
m.011jl5,45
m.01m_ts5,73
m.01846t,86
m.01djzn,51
m.015196,65
m.01ch_h,30
m.018klb,92
m.01ksr1,100
m.01cg1r,23
m.01kh0br,68
m.016jf0,57
m.0146dm,28
m.01d2l1,14
m.01dpsv,98
m.013ybx,87
m.01ks_9v,24
m.01mqh5,98
m.01fzgk,93
m.01jb26,100
m.01h05c,93
m.01g562,93
m.01lt_w,69
m.012dhf,73
m.01fq0x,37
m.01m0y85,57
m.01hxkv,92
m.01mf_pg,95
m.01hynd,0
m.01mrm_h,61
m.018_3q,82
m.01716f,30
m.01c2sl,71
m.01mpvdt,35
m.01g714,41
m.01g3fb,65
m.01b6hy,40
m.01kddm,98
m.01478p,91
m.017hvb,52
m.015l76,76
m.015xsn,67
m.01l95z,91
m.0148qq,73
m.01dxcd,31
m.01_51j,75
m.01dgtv,60
m.01lm1s,93
m.01jjx5,62
m.01_lby,93
m.011h_h,41
m.015q2t,47
m.01jf5g,54
m.012b26,11
m.01mhg9n,95
m.01ldff,84
m.017mvw,55
m.01mdjyw,54
m.01h9ls,92
m.0185gs,48
m.01l9pz,78
m.016_d_,30
m.017f42,0
m.012hsb,81
m.01_nx8,97
m.01kqqq,38
m.01g6wc,40
m.01m8l_k,90
m.01ks37,26
m.016ntp,93
m.01mm04v,28
m.014dr4,49
m.01bk4z,80
m.01m3g0l,50
m.01cj5h,51
m.018gcf,52
m.013bdj,23
m.0135g_,91
m.019l73,95
m.01k6r_j,75
m.017rcc,82
m.01j0183,84
m.011_x9,83
m.014d02,89
m.01b_y8,83
m.017gd_,73
m.0134fr,83
m.018jnn,81
m.0138rf,87
m.01hctw,41
m.016hrc,94
m.01j_cl,80
m.01820y,80
m.01lgh7_,73
m.01k0k7,96
m.018qqy,58
m.01lz579,22
m.01lf820,89
m.015kbd,89
m.01mll3s,70
m.015xnd,93
m.01mr90n,76
m.01f2f8,85
m.01ltl_,8
m.01cy59,52
m.01270s,63
m.016hvl,67
m.01lgvmb,51
m.01lgcg,68
m.01dml6,98
m.01__2_,32
m.01k_njh,66
m.01jv4,78
m.01km7d,19
m.01m15br,75
m.01ddr7,75
m.01_k71,74
m.013b7z,100
m.01_9y5,92
m.01m8714,35
m.015nr6,53
m.012w36,89
m.01668y,52
m.01llhq,97
m.015mgc,25
m.019hvg,69
m.01chdy,76
m.01j4ld,75
m.015kvb,45
m.01g1yy,24
m.01c0kj,66
m.01_8tz,63
m.01m9rlq,60
m.01m9svh,84
m.014nfw,91
m.01g4w3,98
m.0155mx,19
m.01mgd8l,48
m.01f0sq,93
m.017yvm,68
m.016fnv,45
m.01gkk8,76
m.01h2lk,33
m.01jj8b,73
m.01fkv0,96
m.0127m7,99
m.01ls7p,15
m.015dsk,49
m.01k5mjv,74
m.0148sl,71
m.0194r1,40
m.01f72z,70
m.01lcn4,60
m.01k0k66,61
m.01kxs2t,76
m.0152cw,90
m.01lrhdl,55
m.01ggxh,57
m.01mff8l,63
m.012x9d,86
m.01lzgqt,46
m.015_5p,82
m.01hr3q,23
m.01krsc,21
m.019ghj,73
m.01m6jb5,67
m.017gxw,93
m.01d1lc,59
m.01bl47,28
m.01ldw4,73
m.019wxs,35
m.01k0jf,99
m.015nd2,80
m.012c8f,46
m.01lxjp7,61
m.01bw7s,25
m.01kfjb,41
m.01_8yz,96
m.01l17wj,25
m.015qxn,41
m.01gzm2,90
m.0151xv,90
m.01d2wb,37
m.01kxlt0,57
m.015zjx,91
m.014h_s,60
m.01k1lc,26
m.015j8x,66
m.017g2y,81
m.01mr8n,44
m.015dsz,73
m.013zyw,96
m.018pkl,38
m.0151zx,87
m.01_skn,96
m.01jntwk,68
m.01mhwc8,70
m.01j7dk,52
m.01lrwz,97
m.01bkbg,71
m.01gs1r,85
m.01ldt5n,73
m.01k03ss,54
m.01lbpj,46
m.012j2r,79
m.018348,79
m.014g6v,62
m.01j_rlm,89
m.01l8n7l,92
m.019c7v,22
m.018f_y,94
m.01ldmj,94
m.01dhhq,77
m.01g24t,91
m.01k67w,65
m.015mfy,84
m.01lr6_l,72
m.01bm8f,51
m.01lpt3c,17
m.01f0yh,90
m.01gfdh,57
m.01bcs9,43
m.013qwl,74
m.01l_br0,97
m.01k1bkq,58
m.01mqbq,51
m.01k5xlr,73
m.01mc598,50
m.017yd2,91
m.01mb0qk,45
m.01hv1y,37
m.01cll7,20
m.01f817,80
m.01dvms,97
m.01k2zvf,78
m.012vhn,45
m.01cmn5,93
m.01hk6q,36
m.01m29m,36
m.016qrb,64
m.01frtv,34
m.01fnb2,77
m.019g5s,23
m.01j46m7,57
m.01jd6m,25
m.01f873,88
m.013s1b,55
m.01_n9m,20
m.01lk985,58
m.01mfmqw,26
m.013sjh,28
m.01lfv62,41
m.0178p9,98
m.01mc85n,86
m.01lhgq,60
m.01lxmgd,52
m.017hqj,65
m.0184gj,75
m.01ky6yy,24
m.01d_qc,32
m.01c1y0,95
m.01_8wt,89
m.01bsvr,18
m.01hy33,88
m.01dlbx,63
m.01j590z,83
m.014vnb,87
m.01klmw,96
m.01ldd_,73
m.019thg,14
m.01fy7m,76
m.017fxp,81
m.01g5kv,95
m.01k6p0l,62
m.016w46,8
m.017hz6,67
m.0150j5,87
m.01k53x,100
m.014qjt,53
m.01b4y1,100
m.0196yy,16
m.01jr5h,59
m.01j0s0s,82
m.012tmz,95
m.01fnd0,91
m.01m6tls,87
m.01gxz,89
m.01mmq1y,30
m.01ms1ty,50
m.01_qx7,64
m.015cpn,33
m.01lb6g,62
m.014tkl,92
m.012201,60
m.017bxq,71
m.01bjk2,29
m.011zfz,92
m.015bnf,89
m.01ljn2,52
m.01b990,48
m.01c3ww,90
m.015q9_,63
m.01fm99,40
m.01451j,74
m.01ld28,13
m.01kgv4,92
m.01m01gk,20
m.015pkc,100
m.01h2n3,25
m.01bx41,50
m.01kdtn3,30
m.01mpd1v,41
m.0181x9,72
m.013y2b,93
m.01hb49,23
m.01brs4,91
m.01hqc2,20
m.01mh702,93
m.01lr9l7,32
m.01jy51,97
m.01fwj8,100
m.01386_,87
m.015qlm,95
m.018dng,36
m.013rvq,18
m.012krs,13
m.01lnlm5,82
m.01f6nb,93
m.01mt49_,49
m.01_6ly,85
m.01lp91h,93
m.01k_n63,41
m.01lg_s,51
m.01_587,70
m.01k_qd_,80
m.01mljgv,82
m.01lfs89,56
m.014zfs,87
m.01hqd4,65
m.01fctj,69
m.01m3xg,77
m.01jqmb,85
m.01ljt4,63
m.01hw6_,10
m.01gtsh,77
m.01d_m_,94
m.01_5vm,40
m.01m_gh,93
m.01dbgw,98
m.01538k,78
m.01fp8j,41
m.01bm_w,59
m.018_t0,77
m.012ky3,81
m.01k8xb9,80
m.01d3j7,84
m.01_xwf,93
m.014lyb,69
m.011hdn,80
m.01glc5,49
m.01f6vb,63
m.01m3sqj,0
m.01d5tv,12
m.01c7p_,77
m.010p3,94
m.01flt1,12
m.01jm_5,89
m.016jdb,22
m.01dcvr,94
m.01k15n_,47
m.016mj4,100
m.012v1t,98
m.01jd53,18
m.01m99ql,70
m.01lyv1d,69
m.01mghp3,63
m.018fyy,99
m.0162mc,63
m.01k53f,60
m.01653g,78
m.017bk6,83
m.01c59k,63
m.016959,73
m.01mccw3,76
m.0191h5,67
m.01hx6y,54
m.01h644,69
m.019x9z,92
m.014hdb,98
m.018gjx,60
m.013p_j,57
m.015nhn,88
m.01lqkw_,58
m.01d8mq,29
m.0136g9,74
m.01ll5k,69
m.01h96s,86
m.018lx_,94
m.014sh1,12
m.014j38,72
m.014_4y,98
m.019f2f,91
m.011vw3,60
m.0192f0,81
m.01jxnmy,50
m.019m_t,10
m.01lrpb,77
m.01d6t8,49
m.01jxnyf,12
m.01l0rq,60
m.01g257,99
m.0171qz,52
m.01lmln,67
m.01c89p,39
m.0169v2,94
m.01kgfh,47
m.01f4jj,99
m.0181kg,35
m.01jsqfc,50
m.0166_q,86
m.015v98,93
m.01l03w2,56
m.019yb2,29
m.017j_z,36
m.01_87c,78
m.01kxf5,97
m.01lnrm5,64
m.0173qb,63
m.0134qh,80
m.01hhx0,70
m.01bxfr,91
m.018ptv,97
m.01j82c,44
m.012yf6,37
m.01772q,61
m.01kj8w,60
m.01cfrs,57
m.01c_xx,88
m.01mdbch,49
m.01jzlj,44
m.01ghf,35
m.01gwg3,28
m.01mc3js,94
m.012rth,65
m.01lkbf,24
m.01fn2z,44
m.0159tc,70
m.012zk9,6
m.017fp0,63
m.01cd43,33
m.018436,75
m.01k33c,53
m.016j55,49
m.01_5l6,84
m.018yvh,77
m.01m5nph,77
m.0138r2,38
m.019fxc,46
m.01hxz2,83
m.01dmm2,42
m.01cp_j,89
m.015bt8,73
m.01h5f8,74
m.01734j,57
m.01b867,18
m.018nqc,34
m.01cj12,38
m.016vz1,33
m.013wwd,59
m.012yhd,91
m.01_2tr,24
m.015x_k,58
m.0132nf,64
m.01h4lh,78
m.01c1px,15
m.01h923,49
m.01m4rfh,62
m.0165ys,86
m.01742l,87
m.012zxr,32
m.016vcp,62
m.015qzv,83
m.0154d7,99
m.012t9m,20
m.01hcj2,99
m.01k1r96,42
m.01_4qg,52
m.017f7w,23
m.01gw4f,94
m.0175w3,78
m.016j_c,97
m.01m7nwf,59
m.018gm,52
m.01gc7h,100
m.01gm4g,17
m.016mgj,93
m.019jp1,81
m.018pp0,9
m.014dq7,82
m.01j851,82
m.01gy7r,97
m.01452g,36
m.01lxw7k,66
m.01lbkv3,39
m.019j9k,78
m.01f77v,39
m.01kp66,100
m.017bwk,38
m.01kbx2,71
m.01f_9r,31
m.01938t,100
m.01300z,87
m.013pm5,91
m.0167km,99
m.01jqj_,46
m.01mskc3,64
m.01mjjvk,56
m.014g17,72
m.01jyq3,98
m.01km2p,55
m.01d8yn,98
m.018qz3,47
m.01f9yn,90
m.01byh3,23
m.01chwz,100
m.0150p7,72
m.0142q1,85
m.01c8y4,51
m.01b8tj,72
m.017bd,81
m.01_xsz,99
m.01cqhn,57
m.013pyd,49
m.017frf,74
m.01gcf0,97
m.01_t7m,23
m.012s5j,97
m.01glv,92
m.0151fv,97
m.011_7j,87
m.01hdht,86
m.016hv6,38
m.01lw44g,55
m.01jq611,78
m.018dsd,40
m.01mpc_k,22
m.01bb5v,67
m.01hb11,58
m.011_3d,66
m.01dt_1,75
m.01cwsb,0
m.01lm70,22
m.01fjg_,85
m.01l65cd,58
m.013rnm,46
m.01lwmm1,20
m.01m0jlc,14
m.01m0qn,45
m.01bh_8,70
m.01k293,12
m.01kbfq,79
m.0165ky,83
m.013zps,56
m.01mmslz,99
m.012m1c,98
m.01d39w,19
m.01czrv,14
m.012zrl,96
m.012_lx,65
m.01j7jm,95
m.0141qv,67
m.01lzx5,31
m.01g8t_,58
m.01bk8x,34
m.01mqg0,83
m.01gq0b,98
m.01h_mv,86
m.0153vt,81
m.01902h,77
m.01bvxx,40
m.0191kj,80
m.0156y1,80
m.015wgw,99
m.0153y1,93
m.018rzs,69
m.01jc90,88
m.01ltvyq,73
m.01298s,46
m.01k2qv,79
m.01cwx3,29
m.01hmy0,50
m.01lk16_,33
m.01g3g6,49
m.01d2p8,97
m.01kym3,64
m.017_1f,55
m.015m45,25
m.016fzn,0
m.01j241,56
m.017lhw,62
m.01cqj3,81
m.01fr15,55
m.01mbt1x,77
m.01lhy_,39
m.01d1nj,62
m.01dhpj,83
m.01jqthq,84
m.01bqmx,95
m.019z7q,72
m.01l3lwr,25
m.0150my,52
m.0133yt,65
m.012kdb,85
m.016yqj,99
m.01htsy,52
m.0126rp,99
m.01hvpq8,87
m.01mn651,52
m.01hdtr,40
m.0120mb,61
m.01ffgx,60
m.016vxj,25
m.013y4q,57
m.01bhjd,31
m.01_t_w,28
m.01ht8z,28
m.0137s4,89
m.014bps,88
m.017tk3,91
m.01hkck,99
m.013339,90
m.01l47f5,93
m.01m0qgw,5
m.017fj_,71
m.01cqbg,48
m.01jrhn4,92
m.01df1y,78
m.01kk6sb,71
m.018q81,91
m.019j01,25
m.014bn_,56
m.01htn,45
m.01k9lpl,82
m.01k03k4,61
m.0188nj,84
m.01jqr_5,86
m.0170vn,69
m.0195c5,15
m.018j3w,83
m.01d5wx,25
m.01fvnh,82
m.012v2x,72
m.01_l7n,41
m.0147j9,47
m.01_4pp,54
m.01m698g,62
m.0191ym,92
m.01_6rz,17
m.016yrf,20
m.01h_sl,75
m.014zn0,92
m.013y2s,79
m.01lpjyj,91
m.01ckd2,7
m.01k2rjc,25
m.01bt87,84
m.01b7zc,53
m.018n7d,67
m.017fl5,90
m.015m2v,64
m.014n52,25
m.01hbyt,82
m.01m55z,48
m.01c_qf,52
m.0150t6,90
m.01722j,78
m.012741,20
m.01_lss,9
m.019y3g,43
m.01mlkv5,65
m.01cb9n,9
m.01j1bkk,91
m.0165cp,95
m.01lf43g,58
m.01f5q5,100
m.01kq92,55
m.01_pp0,64
m.01cmz2,96
m.01cm53,63
m.014vk4,92
m.01mq34p,88
m.01mlxdv,48
m.019smn,66
m.01csrl,98
m.01m5d17,28
m.01hb24,12
m.01csvq,96
m.0198j2,80
m.01jr8p6,88
m.01ms3q6,56
m.0169yd,85
m.01bc0q,34
m.01brds,48
m.01kcfk9,63
m.0125qk,68
m.01cfpq,77
m.012sp0,58
m.01m3q2,65
m.01l7xcj,21
m.014508,72
m.01kb1dx,59
m.011y88,17
m.018qkz,83
m.017__g,83
m.0190tn,6
m.01mnhw1,58
m.01b1c2,56
m.01cp3s,43
m.019gdm,97
m.01mj3tb,93
m.01m0b8c,65
m.01m6yc9,53
m.0144_b,85
m.01d47g,45
m.012pjh,20
m.01mm508,54
m.01gwf,55
m.014rtk,65
m.01lmpq,56
m.01lg8y,18
m.012sk_,68
m.01llw2,31
m.017vfn,93
m.01kfq_h,96
m.015cbq,88
m.017vn8,82
m.0183dl,80
m.011lhy,69
m.015ty7,30
m.01d554,39
m.01lcz7,38
m.01hfh_,83
m.01d3g9,25
m.013s1t,96
m.01mg32m,56
m.015_2l,92
m.01_b96,45
m.01fwxl,9
m.0127fx,60
m.01crkg,62
m.01ckv2,37
m.0183f9,37
m.014b7s,64
m.016twm,33
m.01gk2f,44
m.0193cw,97
m.01b4wd,90
m.018lx8,90
m.01cv_g,93
m.018txz,45
m.01dyd9,40
m.01htsrr,45
m.016gkf,86
m.01cjvb,23
m.01lgzz,24
m.01m4fhv,27
m.012w05,73
m.017kb5,93
m.01lzrlx,52
m.01_fs6,12
m.01drxp,53
m.01j_gs,94
m.01ldtbt,46
m.0182q2,99
m.012lyg,92
m.01f9pf,97
m.01djcw,85
m.015mpv,28
m.01bldq,82
m.01bf9m,28
m.017t2z,24
m.01fgq5,94
m.01kbjk,34
m.01jyjs,83
m.01m_c47,44
m.01f9_n,17
m.019_p3,41
m.01dqh6,89
m.011hm1,75
m.01dlny,22
m.019hwz,18
m.017tj7,73
m.0174z2,56
m.018l_2,12
m.0196x7,55
m.01__yp,33
m.01713c,99
m.0154pg,31
m.01_yqg,43
m.01l62vh,59
m.01cg67,41
m.01l6ymj,37
m.0140ly,68
m.01lnq_p,57
m.01lx2l,88
m.01_9wg,36
m.015687,12
m.01cygd,78
m.01dhw,74
m.01l3mbb,92
m.01ltrs,90
m.0173vx,64
m.0183w9,93
m.01l77p,55
m.01l_1g7,64
m.012x86,74
m.0127tk,99
m.018q7p,80
m.016lvy,33
m.01br9_,31
m.01cwft,57
m.019hqt,0
m.01ghdw,5
m.01lr4p,91
m.01_z4l,44
m.0187y5,97
m.01mbtgc,81
m.01kxvc2,94
m.01_r34,47
m.01k532,10
m.015dlv,84
m.0137g1,43
m.015qgb,53
m.019697,67
m.010wty2t,34
m.0197gg,63
m.01g4zr,67
m.01mhxs2,96
m.01c4by,90
m.01gfvl,83
m.0178j_,45
m.0140v2,55
m.01mkb4v,96
m.01kkcz1,55
m.01ltns,58
m.01271_,57
m.01_96x,35
m.012xbq,58
m.01l6qfs,80
m.0163kf,100
m.014428,82
m.01dgwg,72
m.017ht2,45
m.013ylm,99
m.014dv4,64
m.01k_fz2,87
m.0142n8,82
m.01lh91,42
m.01lpgx_,56
m.01c581,47
m.01m76z,82
m.015khm,60
m.01k9qk,37
m.01k_v7d,39
m.0135nb,89
m.017hty,56
m.01lyczd,54
m.01_r_2,47
m.01jnyc,92
m.01kbjh2,93
m.018j4c,38
m.01k64f,87
m.016200,54
m.01mrnp,54
m.0124t,76
m.01gm7l,92
m.01gqpq,31
m.01bnxl,95
m.018wj9,83
m.01kg5lj,100
m.01hh0m_,0
m.01k76k,89
m.01hy9mw,88
m.01l1l0,80
m.01kfgr,64
m.0171dv,61
m.014d3,81
m.01dt9h,92
m.01_y3g,87
m.0148m9,32
m.01kxq26,62
m.01lds9x,33
m.01dtfr,54
m.01_8rb,59
m.01gbrx,83
m.019ncn,63
m.01_f8j,98
m.01fpkg,93
m.01m_nb,33
m.01bb_s,69
m.01hwr1,37
m.01k0jt,17
m.013pw7,44
m.01j0cjd,63
m.01ll4b,60
m.017dpj,98
m.0127t5,62
m.01l48rv,89
m.01jlvy2,74
m.0151pn,14
m.012j66,23
m.01dss2,39
m.01mrg21,18
m.01lwps,82
m.01g2gk,72
m.01fpn9,74
m.01gb8j,34
m.01933d,100
m.01lzr4j,83
m.01bjs2,87
m.01jy27r,43
m.01hmb_,96
m.01k5r5,94
m.014c2k,13
m.01mcfnl,58
m.01d3d9,32
m.016yzz,85
m.01g5m2,83
m.01l5tm4,73
m.01jpxrr,45
m.013sfr,44
m.018wc0,79
m.01fbl4,79
m.01jptt,21
m.01c8x,86
m.01mqz0,100
m.0175s7,79
m.019znx,83
m.01jfqj,72
m.01m0b5w,92
m.01d7lz,85
m.01ldcc,63
m.01dzc9,24
m.01l2r_0,93
m.01jjv4,13
m.01mlk6z,81
m.01fhxq,69
m.01dz39,37
m.01903y,56
m.01jp563,26
m.01khty,66
m.01lqh0l,37
m.01kh2m1,68
m.016ypb,91
m.0161hn,78
m.0192ff,51
m.016jll,89
m.015l1l,69
m.01h95n,39
m.01_pw9,79
m.01cfq5,70
m.01gpr,52
m.01306d,69
m.017jwg,40
m.01_mp8,29
m.016l_5,50
m.014y7t,67
m.01l_8s1,80
m.015chm,20
m.015x3n,29
m.01hf9v,60
m.01cn6c,65
m.01k9x2,78
m.01d_ys,84
m.01l36_,82
m.01jx2f4,52
m.01j2zx,61
m.01l0780,92
m.01k30h,94
m.01dzrt,82
m.01g7rw,60
m.012xls,72
m.019r4n,43
m.01dffd,55
m.016nff,100
m.014g6c,68
m.01kck0,15
m.01dd2n,42
m.0148_m,26
m.011jlx,63
m.018f19,92
m.01lyy43,11
m.01jzt1,29
m.01mlpcw,64
m.01jz6d,77
m.01mrfhw,54
m.018rv0,77
m.019r3z,20
m.012gl8,100
m.0175jl,49
m.01d24z,60
m.0162wz,73
m.01hwk9,10
m.011p_b,30
m.01576,46
m.01b1cs,35
m.015yg9,65
m.013423,90
m.01fpf6,11
m.018ycp,72
m.01mr3c8,93
m.017fhk,91
m.01m78m8,86
m.01mj1bh,99
m.018y4x,93
m.01cy1v,42
m.019hfr,26
m.012ml0,76
m.01m6k87,54
m.01cs38,68
m.01550k,52
m.01l006r,46
m.01jsg2,21
m.01dnv5,11
m.01cwbk,68
m.01m0pv,98
m.013yyq,45
m.0152pr,40
m.01jw17,49
m.019d0l,64
m.01ghrl,96
m.01l20ql,35
m.01lpbgn,69
m.01c8v0,83
m.01m3zh,85
m.01gqtx,30
m.01gdx4,52
m.01g969,93
m.01_dq_,77
m.01480y,35
m.01l_04j,57
m.01h3ns,62
m.01jy8c0,93
m.0195vc,71
m.0173ys,29
m.018v8c,95
m.0143b_,28
m.013wt0,73
m.01mj09t,10
m.015b67,83
m.01lcqrc,87
m.0170bk,65
m.016z3d,79
m.018x3,92
m.019d8_,100
m.018xrz,47
m.01970,74
m.01jdwq,85
m.01lcph1,91
m.01js298,58
m.01d7q8,64
m.012vd6,98
m.019p4d,29
m.01kxf0g,93
m.01m_jn,93
m.01lszxr,53
m.01jc21y,71
m.01km1yb,23
m.01mprgv,23
m.01mk0wr,46
m.01j7qy,7
m.019kw2,25
m.013zpf,100
m.01k1tlp,50
m.0163s9,94
m.011y_2,13
m.017dxm,51
m.0132q1,86
m.0134dc,93
m.01jbjh,22
m.01lvzbl,58
m.014j8m,52
m.01m0y_x,65
m.01bkj1,25
m.01l7mwv,55
m.01f1_1,17
m.01d01f,97
m.01h3b9,58
m.011vx3,55
m.01g6b,53
m.01kzplq,55
m.01g0xk,36
m.01m79cb,89
m.0181lj,83
m.01kk0s,46
m.01m_jn3,92
m.018grr,100
m.012cnn,95
m.0182fl,51
m.01bjyq,63
m.0107_f,34
m.0123h6,92
m.01gwgh,41
m.01_xv9,94
m.01lydh,99
m.01lr4t9,67
m.013qb0,88
m.015q3m,33
m.015dx,97
m.014jpp,97
m.01km3m,93
m.013qy3,71
m.015pqq,57
m.01mr9d0,64
m.017mrb,57
m.01k5d4,58
m.0151n1,97
m.01hj01,95
m.01_xr7,97
m.01ky2h,36
m.01k4jz,14
m.01l_zpm,63
m.01f26n,31
m.01jply,22
m.01l1ls,98
m.013yvd,87
m.018p2h,16
m.01k9wl,35
m.01437b,75
m.014yqb,99
m.019cpv,24
m.01g1mw,71
m.01kpq5k,59
m.015qh4,79
m.015d3h,72
m.0160pf,80
m.01llzq,7
m.01d1bs,89
m.01lx_z,59
m.0197zv,48
m.01lym8,100
m.01b80n,93
m.01mhglb,48
m.01f_fh,36
m.013knm,86
m.01hn09,59
m.013q1w,76
m.01k2rx,98
m.01lmrmf,34
m.01_c79,26
m.01jqyj8,40
m.01lwkf6,95
m.01k56k,48
m.014x77,100
m.01b3ng,4
m.01k0qd4,61
m.012s2d,55
m.012xdy,95
m.014_yc,62
m.017729,37
m.01h2_6,49
m.01ksqk,58
m.014yh7,10
m.01_rvj,91
m.01j5dm,51
m.01c0xf,65
m.017tn4,56
m.0131kb,80
m.01bs1p,96
m.01lcr2t,13
m.01d876,29
m.014sj7,29
m.01m2kj6,84
m.01_r_l,22
m.01jxtkn,58
m.01lvht,100
m.01mhxyv,46
m.01k_mc,87
m.01jgrnr,22
m.016n_c,79
m.013w8h,62
m.018ptf,95
m.01mggqp,95
m.01ltd5,59
m.012bkl,24
m.01fzvd,69
m.016732,87
m.01j_3m2,61
m.01mp7r5,64
m.014xn7,86
m.012wfh,83
m.01jy4p,54
m.01lz_v,30
m.01hmvd,39
m.01l5msg,68
m.01jrz5j,76
m.015g98,23
m.014029,13
m.01817f,86
m.01bx6q,94
m.01g4wh,84
m.012x5,90
m.015qp7,37
m.016zwd,8
m.01lhb9,94
m.01_rkd,38
m.01k3dv,36
m.012wsy,60
m.0173gy,44
m.01m1q9,67
m.01gwl2,86
m.01l5tqr,52
m.01kb7d,72
m.01d1v6,24
m.012dtw,78
m.01_3ly,66
m.01hppr,45
m.01b09x,96
m.01jh24l,62
m.01jmtjm,43
m.01ljxhn,60
m.01m6p85,85
m.0187_l,10
m.01c678,91
m.013s3,91
m.01gvr1,100
m.0170s4,100
m.016b90,84
m.017458,59
m.018ykd,56
m.014hmv,62
m.014_yt,92
m.01_4hh,96
m.0169r6,83
m.0170qf,100
m.01gbbz,91
m.01m2gwz,84
m.014kb2,69
m.012knf,36
m.01fp30,96
m.0198ml,40
m.0131x8,24
m.01lp9kh,85
m.01574b,69
m.015y3w,92
m.01ccc7,15
m.019wrj,98
m.01dtxd,61
m.013rlm,29
m.01fnxg,88
m.018yx3,51
m.018dpq,78
m.015hq3,44
m.01dgrr,30
m.01ly8w,87
m.01j6t,73
m.017b13,3
m.01f4sz,100
m.012mn4,77
m.01ld1h,91
m.01jsgxb,36
m.018493,84
m.01b1m4,93
m.01lc06,15
m.014px_,65
m.01b475,56
m.01g360,38
m.0199j6,47
m.013xjr,83
m.01kstn9,38
m.01byc4,91
m.01l5gd,77
m.015m_9,88
m.017j2s,46
m.01m6chr,53
m.019v7k,80
m.0196z8,47
m.01fm4b,23
m.019gsv,71
m.01c3z5,92
m.01cxpy,32
m.01kywdj,100
m.01bn7t,82
m.01jjdg7,96
m.0169hc,10
m.014mrg,29
m.01lbgn4,92
m.016k38,52
m.01346x,74
m.01hw2qh,28
m.012cvp,32
m.01mg0z5,84
m.015h7y,87
m.01m4_bb,23
m.01k22_f,6
m.01m_wv1,71
m.01lw1r,74
m.01k6cj,4
m.01dvcz,9
m.018dnt,87
m.01bq5d,23
m.01_h_s,73
m.0165_0,86
m.018k1r,39
m.015l6b,34
m.01jxng,66
m.01ky6h8,22
m.01371p,56
m.01lghn,87
m.01951v,46
m.01ktnp,24
m.01_yzl,56
m.015rmq,69
m.018slq,83
m.01ggd_,34
m.012052,98
m.015m5h,33
m.01372v,55
m.0173m5,42
m.01_lr8,12
m.01dv8p,51
m.01dbsy,89
m.01lz2sd,7
m.0187zc,83
m.01kf35,59
m.01dg75,75
m.01knmj4,50
m.018l20,57
m.012q4n,91
m.01bw1c,68
m.01j_bh,99
m.01_jwb,26
m.01kvrj,78
m.016v92,87
m.01l5d3g,75
m.014c1n,64
m.01mcwwb,26
m.014zxh,87
m.01llbv,40
m.016ynj,84
m.01g6nd,8
m.01_tnx,66
m.017z7x,55
m.01h6_0,47
m.01lr_xr,57
m.01fjkp,22
m.01dzkf,21
m.01b4mk,72
m.012s48,81
m.01dx38,8
m.01lbwd,43
m.019g65,34
m.0136tm,68
m.01mblrr,69
m.018hgr,86
m.014d3y,68
m.01j91r,28
m.01f5by,14
m.0147jt,89
m.01k3rtx,57
m.018qx5,89
m.01lfw0,16
m.013y3t,87
m.01g51k,29
m.01lm3nb,77
m.019p07,83
m.01jpx7l,77
m.017bcv,81
m.01k2zk,46
m.011lf5,51
m.015nz8,44
m.01j5rq,34
m.01hbr9,19
m.01_5sp,49
m.01kv2d3,69
m.01_8d8,88
m.01m9v40,66
m.01kymm,33
m.01jt8ls,46
m.01f97r,88
m.01lr7h0,67
m.01lywgh,41
m.0197tq,94
m.015pwv,56
m.012vf6,100
m.01hfhj,57
m.013zjl,73
m.01770r,72
m.01jn1n,69
m.01ll6q2,65
m.01gts3,16
m.011lvx,85
m.015pt7,52
m.019qk5,39
m.01hrqc,80
m.016kft,99
m.01_my2,13
m.01l46p,96
m.012vs,84
m.01kwp9r,41
m.01dw9z,100
m.015k_5,47
m.018d22,43
m.01gcq3,80
m.0134wr,65
m.01mqr_c,55
m.01564j,30
m.011hmd,29
m.01d8cs,70
m.01ctw_,50
m.01bfgv,67
m.01_5h2,23
m.0184xq,89
m.01dwts,91
m.019sn1,19
m.01jhw2,70
m.012v87,47
m.018wqb,65
m.018fvy,74
m.01_qht,58
m.01m924_,95
m.01dp0y,42
m.01744d,92
m.017z_,47
m.018sm6,85
m.01htxc,47
m.01gbpv,22
m.01k61fs,91
m.018cx_,92
m.0157ry,54
m.01jkpp,98
m.01jlk3,64
m.012s3y,69
m.01kf2d,48
m.012zck,25
m.01jy7wb,67
m.01hlhyp,25
m.01387g,60
m.01_l0t,42
m.01lh30,62
m.01mrpv,62
m.015qq1,63
m.011_3s,92
m.015010,99
m.01l988,87
m.01j6fq,98
m.01jxq6y,50
m.015nsx,21
m.015l_b,20
m.01mc0z7,44
m.018wgp,44
m.01chc7,97
m.016dsy,88
m.01j8f9b,96
m.012hz4,97
m.01gfd1,44
m.013y97,21
m.01m7tm7,77
m.012x4t,59
m.017zng,83
m.01mhxdd,67
m.011zf2,84
m.01_xxk,92
m.012g8l,91
m.01lgcqp,51
m.016zp5,98
m.01lxl6,77
m.01mp2pf,30
m.01m2jf,56
m.01gbly,58
m.01mhc,36
m.017r2,97
m.0153dp,72
m.01c5vs,93
m.01_8jp,72
m.01hhp_,54
m.01f1f_,42
m.01k1wf3,45
m.01k68p,93
m.016j68,85
m.01ck_k,21
m.01mfnxn,69
m.016wdq,85
m.01l584c,33
m.0167hz,36
m.014ptb,68
m.01dfkd,41
m.01_kbq,27
m.01k98nm,69
m.01j3_v,58
